date,UNRATE,UNRATE_lag1,UNRATE_lag2,UNRATE_lag3,ICSA_lag1,ICSA_lag2,ICSA_lag3,INDPRO_lag1,INDPRO_lag2,INDPRO_lag3,PAYEMS_lag1,PAYEMS_lag2,PAYEMS_lag3,file for unemployment_lag1,file for unemployment_lag2,file for unemployment_lag3,unemployment office_lag1,unemployment office_lag2,unemployment office_lag3,jobs near me_lag1,jobs near me_lag2,jobs near me_lag3,UNRATE_rollmean3,UNRATE_rollstd3,UNRATE_rollmean6,UNRATE_rollstd6,ICSA_rollmean3,ICSA_rollstd3,ICSA_rollmean6,ICSA_rollstd6,INDPRO_rollmean3,INDPRO_rollstd3,INDPRO_rollmean6,INDPRO_rollstd6,PAYEMS_rollmean3,PAYEMS_rollstd3,PAYEMS_rollmean6,PAYEMS_rollstd6,file for unemployment_rollmean3,file for unemployment_rollstd3,file for unemployment_rollmean6,file for unemployment_rollstd6,unemployment office_rollmean3,unemployment office_rollstd3,unemployment office_rollmean6,unemployment office_rollstd6,jobs near me_rollmean3,jobs near me_rollstd3,jobs near me_rollmean6,jobs near me_rollstd6,ICSA_mom_pct,INDPRO_mom_pct,PAYEMS_mom_pct,file for unemployment_mom_pct,unemployment office_mom_pct,jobs near me_mom_pct,month_2,month_3,month_4,month_5,month_6,month_7,month_8,month_9,month_10,month_11,month_12
2013-03-31,7.5,7.7,8.0,7.9,353000.0,353000.0,359000.0,98.7941,98.3342,98.3101,135546.0,135257.0,135074.0,4.0,5.0,4.0,23.0,31.0,23.0,0.0,1.0,0.0,7.866666666666667,0.15275252316512938,7.816666666666666,0.1169045194449279,355000.0,3464.1016151364124,369425.0,19052.91972375977,98.47946666666667,0.272746775112355,98.10273333333333,0.49862057986732666,135292.33333333334,237.97548893389822,134981.33333333334,384.9741116844004,4.333333333333333,0.5773502691896253,4.166666666666667,0.40824829046386607,25.666666666666668,4.61880215351698,25.5,3.0166206257997144,0.3333333333333333,0.5773502691896258,0.16666666666666666,0.408248290463863,0.0,0.004676907932336993,0.0021366731481549106,-0.19999999999999996,-0.25806451612903225,-1.0,False,True,False,False,False,False,False,False,False,False,False
2013-06-30,7.5,7.5,7.6,7.5,347750.0,347250.0,351800.0,99.1839,99.1065,99.1921,136096.0,135873.0,135689.0,4.0,4.0,4.0,19.0,21.0,19.0,1.0,1.0,0.0,7.533333333333332,0.05773502691878773,7.7,0.2097617696339901,348933.3333333333,2495.161985387709,351966.6666666667,4281.549563733304,99.16083333333331,0.04723233356702297,98.82015,0.412221832270751,135886.0,203.81118713160038,135589.16666666666,380.78939936292113,4.0,0.0,4.166666666666667,0.40824829046386607,19.666666666666668,1.154700538379141,22.666666666666668,4.4572039067858285,0.6666666666666666,0.5773502691896258,0.5,0.5477225575051662,0.0014398848092151972,0.0007809780387764143,0.0016412385094903836,0.0,-0.09523809523809523,0.0,False,False,False,False,True,False,False,False,False,False,False
2013-07-31,7.3,7.5,7.5,7.6,344600.0,347750.0,347250.0,99.3897,99.1839,99.1065,136279.0,136096.0,135873.0,4.0,4.0,4.0,22.0,19.0,21.0,1.0,1.0,1.0,7.533333333333332,0.05773502691878773,7.633333333333334,0.19663841604999244,346533.3333333333,1692.8772351602654,349566.6666666667,3518.475048469912,99.2267,0.14637089874989648,99.00008333333334,0.37937168274311456,136082.66666666666,203.32814201021702,135790.0,372.41697061291774,4.0,0.0,4.166666666666667,0.40824829046386607,20.666666666666668,1.5275252316518626,22.5,4.460941604639112,1.0,0.0,0.6666666666666666,0.5163977794943223,-0.009058231488138002,0.0020749335325593865,0.001344639078297627,0.0,0.1578947368421053,0.0,False,False,False,False,False,True,False,False,False,False,False
2013-08-31,7.2,7.3,7.5,7.5,346000.0,344600.0,347750.0,99.0814,99.3897,99.1839,136391.0,136279.0,136096.0,4.0,4.0,4.0,25.0,22.0,19.0,1.0,1.0,1.0,7.433333333333333,0.11547005383783633,7.516666666666666,0.13291601358245086,346116.6666666667,1578.2374134850104,348400.0,3306.50873279339,99.21833333333335,0.15700784481733973,99.12461666666667,0.194820352292447,136255.33333333334,148.9172029462262,135979.0,333.5440000966915,4.0,0.0,4.0,0.0,22.0,2.9999999999999574,21.5,2.345207879911746,1.0,0.0,0.6666666666666666,0.5163977794943223,0.004062681369704002,-0.0031019310854143445,0.0008218434241518136,0.0,0.13636363636363646,0.0,False,False,False,False,False,False,True,False,False,False,False
2013-09-30,7.2,7.2,7.3,7.5,333400.0,346000.0,344600.0,99.6543,99.0814,99.3897,136646.0,136391.0,136279.0,4.0,4.0,4.0,22.0,25.0,22.0,1.0,1.0,1.0,7.333333333333333,0.15275252316512603,7.433333333333334,0.1505545305417623,341333.3333333333,6906.0360072420535,345133.3333333333,6236.639052142299,99.37513333333334,0.28672764661640276,99.26798333333333,0.21807063458285197,136438.66666666666,188.085973249809,136162.33333333334,349.8546364808765,4.0,0.0,4.0,0.0,23.0,1.7320508075688035,21.333333333333332,2.250925735484582,1.0,0.0,0.8333333333333334,0.4082482904638631,-0.03641618497109822,0.0057821145038321475,0.0018696248286176331,0.0,-0.12,0.0,False,False,False,False,False,False,False,True,False,False,False
2013-10-31,7.2,7.2,7.2,7.3,314000.0,333400.0,346000.0,100.161,99.6543,99.0814,136821.0,136646.0,136391.0,4.0,4.0,4.0,21.0,22.0,25.0,1.0,1.0,1.0,7.233333333333333,0.05773502691877791,7.383333333333333,0.17224014243680416,331133.3333333333,16119.966914771365,338833.3333333333,13275.378211814073,99.63223333333333,0.540138170595416,99.42946666666667,0.4178596159805149,136619.33333333334,216.2367529661125,136351.0,348.77442566865255,4.0,0.0,4.0,0.0,22.666666666666668,2.081665999466072,21.666666666666668,1.9663841605003887,1.0,0.0,1.0,0.0,-0.05818836232753455,0.005084577384016464,0.0012806814689050317,0.0,-0.045454545454545414,0.0,False,False,False,False,False,False,False,False,True,False,False
2013-11-30,6.9,7.2,7.2,7.2,358500.0,314000.0,333400.0,100.082,100.161,99.6543,137041.0,136821.0,136646.0,5.0,4.0,4.0,24.0,21.0,22.0,1.0,1.0,1.0,7.2,0.0,7.316666666666666,0.14719601443874364,335300.0,22310.759736055377,340708.3333333333,15336.375603991559,99.96576666666665,0.2726148626434995,99.59204999999999,0.45517590775515726,136836.0,197.9267541288761,136545.66666666666,354.5316158922384,4.333333333333333,0.5773502691896253,4.166666666666667,0.40824829046386607,22.333333333333332,1.5275252316518646,22.166666666666668,2.1369760566433205,1.0,0.0,1.0,0.0,0.14171974522292996,-0.0007887301444674533,0.001607940301561861,0.25,0.1428571428571428,0.0,False,False,False,False,False,False,False,False,False,True,False
2013-12-31,6.7,6.9,7.2,7.2,328200.0,358500.0,314000.0,100.3158,100.082,100.161,137317.0,137041.0,136821.0,4.0,5.0,4.0,20.0,24.0,21.0,1.0,1.0,1.0,7.1000000000000005,0.17320508075682542,7.216666666666666,0.19407902170675528,333566.6666666667,22730.229504633764,337450.0,15615.345017003037,100.18626666666667,0.11893028770719995,99.78070000000001,0.4857201334109483,137059.66666666666,248.52632322015262,136749.16666666666,393.1271634816778,4.333333333333333,0.5773502691896253,4.166666666666667,0.40824829046386607,21.666666666666668,2.081665999466073,22.333333333333332,1.8618986725025717,1.0,0.0,1.0,0.0,-0.08451882845188285,0.0023360844107831458,0.0020139958114724354,-0.19999999999999996,-0.16666666666666663,0.0,False,False,False,False,False,False,False,False,False,False,True
2014-01-31,6.6,6.7,6.9,7.2,346000.0,328200.0,358500.0,100.5175,100.3158,100.082,137372.0,137317.0,137041.0,5.0,4.0,5.0,23.0,20.0,24.0,1.0,1.0,1.0,6.933333333333334,0.25166114784231464,7.083333333333333,0.2316606713852217,344233.3333333333,15227.059247711722,337683.3333333333,15753.40174904164,100.3051,0.21794708073469285,99.96866666666666,0.5210805452782098,137243.33333333334,177.3706101171459,136931.33333333334,384.83797456480886,4.666666666666667,0.5773502691896263,4.333333333333333,0.5163977794943243,22.333333333333332,2.081665999466073,22.5,1.8708286933870184,1.0,0.0,1.0,0.0,0.05423522242535039,0.0020106503661436737,0.0004005330731082779,0.25,0.1499999999999999,0.0,False,False,False,False,False,False,False,False,False,False,False
2014-02-28,6.7,6.6,6.7,6.9,326750.0,346000.0,328200.0,100.1599,100.5175,100.3158,137561.0,137372.0,137317.0,5.0,5.0,4.0,28.0,23.0,20.0,2.0,1.0,1.0,6.733333333333333,0.1527525231651213,6.966666666666668,0.2732520204255628,333650.0,10719.958022305382,334475.0,15680.935877684162,100.33106666666667,0.17928815726116795,100.14841666666666,0.2874342875640587,137416.66666666666,127.98567628187209,137126.33333333334,351.2467318953127,4.666666666666667,0.5773502691896263,4.5,0.547722557505168,23.666666666666668,4.041451884327349,23.0,2.8284271247462245,1.3333333333333333,0.5773502691896258,1.1666666666666667,0.4082482904638632,-0.05563583815028905,-0.0035575894744697134,0.0013758262236844843,0.0,0.21739130434782616,1.0,True,False,False,False,False,False,False,False,False,False,False
2014-03-31,6.7,6.7,6.6,6.7,335250.0,326750.0,346000.0,100.9168,100.1599,100.5175,137712.0,137561.0,137372.0,4.0,5.0,5.0,21.0,28.0,23.0,2.0,2.0,1.0,6.666666666666667,0.05773502691876628,6.883333333333333,0.2639444385976954,336000.0,9646.890690786826,334783.3333333333,15673.757260679678,100.5314,0.3786414002730782,100.35883333333334,0.31423016193147313,137548.33333333334,170.35355392045008,137304.0,328.561714142812,4.666666666666667,0.5773502691896263,4.5,0.547722557505168,24.0,3.605551275463954,22.833333333333332,2.9268868558020578,1.6666666666666667,0.5773502691896258,1.3333333333333333,0.5163977794943224,0.02601377199693955,0.007556916490531584,0.001097694840834329,-0.19999999999999996,-0.25,0.0,False,True,False,False,False,False,False,False,False,False,False
2014-04-30,6.2,6.7,6.7,6.6,321000.0,335250.0,326750.0,101.8942,100.9168,100.1599,137985.0,137712.0,137561.0,4.0,4.0,5.0,17.0,21.0,28.0,2.0,2.0,2.0,6.666666666666667,0.05773502691876628,6.8,0.21908902300203534,327666.6666666667,7169.088738000314,335950.0,13987.136947926192,100.99029999999999,0.869483070565911,100.64769999999999,0.6798899969854244,137752.66666666666,214.90540554701758,137498.0,329.97575668592583,4.333333333333333,0.5773502691896253,4.5,0.547722557505168,22.0,5.567764362829999,22.166666666666668,3.7638632635454266,2.0,0.0,1.5,0.5477225575051664,-0.04250559284116329,0.009685206031106786,0.001982398048100409,0.0,-0.19047619047619047,0.0,False,False,True,False,False,False,False,False,False,False,False
2014-05-31,6.3,6.2,6.7,6.7,322750.0,321000.0,335250.0,101.9928,101.8942,100.9168,138298.0,137985.0,137712.0,3.0,4.0,4.0,17.0,17.0,21.0,2.0,2.0,2.0,6.533333333333332,0.2886751345947733,6.633333333333334,0.2338090388899755,326333.3333333333,7771.475621355502,329991.6666666667,9283.610109580764,101.60126666666667,0.5948121159946346,100.96616666666667,0.798999806425221,137998.33333333334,293.2274430085413,137707.5,377.42005776115974,3.6666666666666665,0.5773502691896233,4.166666666666667,0.7527726527090824,18.333333333333332,2.3094010767584474,21.0,4.147288270665558,2.0,0.0,1.6666666666666667,0.5163977794943226,0.005451713395638658,0.0009676703875196591,0.002268362503170529,-0.25,0.0,0.0,False,False,False,True,False,False,False,False,False,False,False
2014-06-30,6.1,6.3,6.2,6.7,313800.0,322750.0,321000.0,102.3836,101.9928,101.8942,138513.0,138298.0,137985.0,3.0,3.0,4.0,15.0,17.0,17.0,2.0,2.0,2.0,6.3999999999999995,0.26457513110641556,6.533333333333334,0.22509257354842874,319183.3333333333,4743.504330484233,327591.6666666667,11448.380525939494,102.0902,0.2588303691622116,101.31080000000001,0.9017218085423616,138265.33333333334,265.51145612444566,137906.83333333334,440.49218684000346,3.3333333333333335,0.5773502691896223,4.0,0.8944271909999172,16.333333333333332,1.1547005383791387,20.166666666666668,4.833908011812673,2.0,0.0,1.8333333333333333,0.40824829046386374,-0.02773044151820292,0.0038316430179385907,0.0015546139495872247,0.0,-0.11764705882352944,0.0,False,False,False,False,True,False,False,False,False,False,False
2014-07-31,6.2,6.1,6.3,6.2,313500.0,313800.0,322750.0,102.735,102.3836,101.9928,138849.0,138513.0,138298.0,4.0,3.0,3.0,16.0,15.0,17.0,3.0,2.0,2.0,6.2,0.09999999999988297,6.433333333333334,0.2658320271650046,316683.3333333333,5256.028285057321,322175.0,8233.99963565977,102.37046666666667,0.37127425622302407,101.68038333333332,0.9638444696462222,138553.33333333334,277.70547948018464,138153.0,491.5709511356428,3.3333333333333335,0.5773502691896223,3.8333333333333335,0.7527726527090824,16.0,0.9999999999998691,19.0,4.857983120596451,2.3333333333333335,0.5773502691896257,2.1666666666666665,0.40824829046386407,-0.0009560229445506607,0.0034321903117295882,0.0024257650906414074,0.33333333333333326,0.06666666666666665,0.5,False,False,False,False,False,True,False,False,False,False,False
2014-08-31,6.1,6.2,6.1,6.3,301750.0,313500.0,313800.0,102.9632,102.735,102.3836,139072.0,138849.0,138513.0,4.0,4.0,3.0,17.0,16.0,15.0,3.0,3.0,2.0,6.199999999999999,0.09999999999988297,6.366666666666666,0.26583202716500576,309683.3333333333,6872.105451266184,318008.3333333333,11234.563483585503,102.69393333333333,0.2919741312752519,102.1476,0.7306136270293442,138811.33333333334,281.39710967477174,138404.83333333334,514.156947504413,3.6666666666666665,0.5773502691896233,3.6666666666666665,0.5163977794943243,16.0,0.9999999999998691,17.166666666666668,2.0412414523193028,2.6666666666666665,0.5773502691896257,2.3333333333333335,0.5163977794943234,-0.037480063795853225,0.002221248844113566,0.0016060612607939895,0.0,0.0625,0.0,False,False,False,False,False,False,True,False,False,False,False
2014-09-30,5.9,6.1,6.2,6.1,302000.0,301750.0,313500.0,102.7688,102.9632,102.735,139269.0,139072.0,138849.0,3.0,4.0,4.0,15.0,17.0,16.0,3.0,3.0,3.0,6.133333333333333,0.05773502691875862,6.266666666666667,0.22509257354843448,305750.0,6712.860791047957,312466.6666666667,9008.97700445029,102.82233333333333,0.1231591382477428,102.45626666666668,0.4400798775991263,139063.33333333334,210.13408417796444,138664.33333333334,486.72606943438586,3.6666666666666665,0.5773502691896233,3.5,0.547722557505168,16.0,0.9999999999998691,16.166666666666668,0.9831920802501298,3.0,0.0,2.5,0.5477225575051675,0.0008285004142503105,-0.001888053207359519,0.0014165324436263838,-0.25,-0.11764705882352944,0.0,False,False,False,False,False,False,False,True,False,False,False
2014-10-31,5.7,5.9,6.1,6.2,295000.0,302000.0,301750.0,103.0641,102.7688,102.9632,139563.0,139269.0,139072.0,3.0,3.0,4.0,16.0,15.0,17.0,4.0,3.0,3.0,6.066666666666666,0.15275252316511662,6.133333333333333,0.13662601021276538,299583.3333333333,3971.2508524798923,308133.3333333333,10250.93491671443,102.93203333333332,0.15009677989189618,102.65125,0.3984426972614886,139301.33333333334,247.09175084026657,138927.33333333334,472.35692719281724,3.3333333333333335,0.5773502691896223,3.3333333333333335,0.516397779494324,16.0,0.9999999999998691,16.0,0.8944271909998626,3.3333333333333335,0.5773502691896257,2.8333333333333335,0.7527726527090826,-0.023178807947019875,0.0028734401880725624,0.0021110225534757276,0.0,0.06666666666666665,0.33333333333333326,False,False,False,False,False,False,False,False,True,False,False
2014-11-30,5.8,5.7,5.9,6.1,288750.0,295000.0,302000.0,103.0764,103.0641,102.7688,139798.0,139563.0,139269.0,3.0,3.0,3.0,15.0,16.0,15.0,4.0,4.0,3.0,5.8999999999999995,0.19999999999993864,6.05,0.21679483388677132,295250.0,6628.536791780589,302466.6666666667,9947.947862082729,102.96976666666667,0.17415086371853913,102.83185000000002,0.26278541626397084,139543.33333333334,265.04779443207,139177.33333333334,469.59670640565037,3.0,0.0,3.3333333333333335,0.516397779494324,15.333333333333334,0.5773502691893951,15.666666666666666,0.8164965809276598,3.6666666666666665,0.5773502691896257,3.1666666666666665,0.7527726527090832,-0.021186440677966156,0.00011934320486006733,0.0016838273754504751,0.0,-0.0625,0.0,False,False,False,False,False,False,False,False,False,True,False
2014-12-31,5.6,5.8,5.7,5.9,291600.0,288750.0,295000.0,103.7126,103.0764,103.0641,140089.0,139798.0,139563.0,3.0,3.0,3.0,15.0,15.0,16.0,4.0,4.0,4.0,5.8,0.0999999999998757,5.966666666666666,0.19663841605001897,291783.3333333333,3129.0307338411103,298766.6666666667,8970.042734943747,103.28436666666668,0.37091193474176687,103.05335000000001,0.35375128975177944,139816.66666666666,263.49636303619985,139440.0,464.4222216909559,3.0,0.0,3.3333333333333335,0.516397779494324,15.333333333333334,0.5773502691893951,15.666666666666666,0.8164965809276598,4.0,0.0,3.5,0.54772255750517,0.009870129870129807,0.006172120873449094,0.0020815748437030823,0.0,0.0,0.0,False,False,False,False,False,False,False,False,False,False,True
2015-01-31,5.7,5.6,5.8,5.7,284500.0,291600.0,288750.0,103.7044,103.7126,103.0764,140364.0,140089.0,139798.0,3.0,3.0,3.0,17.0,15.0,15.0,4.0,4.0,4.0,5.699999999999999,0.09999999999987381,5.883333333333333,0.23166067138524266,288283.3333333333,3572.9306365114526,293933.3333333333,7051.359207040737,103.4978,0.3649661354160489,103.21491666666668,0.3978935858589962,140083.66666666666,283.037688891972,139692.5,489.97908118649354,3.0,0.0,3.1666666666666665,0.4082482904638651,15.666666666666666,1.154700538379137,15.833333333333334,0.9831920802501235,4.0,0.0,3.6666666666666665,0.5163977794943269,-0.024348422496570654,-7.90646459541966e-05,0.001963037783123678,0.0,0.1333333333333333,0.0,False,False,False,False,False,False,False,False,False,False,False
2015-02-28,5.5,5.7,5.6,5.8,287600.0,284500.0,291600.0,102.8905,103.7044,103.7126,140568.0,140364.0,140089.0,4.0,3.0,3.0,20.0,17.0,15.0,6.0,4.0,4.0,5.7,0.09999999999987381,5.8,0.1788854381999709,287900.0,3559.4943461099633,291575.0,6232.956762247919,103.43583333333333,0.47229031679028666,103.20280000000001,0.40806875401219206,140340.33333333334,240.37540084898276,139941.83333333334,491.70617920362173,3.3333333333333335,0.5773502691896223,3.1666666666666665,0.4082482904638651,17.333333333333332,2.5166114784235325,16.333333333333332,1.9663841605003292,4.666666666666667,1.1547005383792515,4.166666666666667,0.9831920802501785,0.010896309314587072,-0.007848268733052777,0.0014533641104557127,0.33333333333333326,0.17647058823529416,0.5,True,False,False,False,False,False,False,False,False,False,False
2015-03-31,5.4,5.5,5.7,5.6,301250.0,287600.0,284500.0,102.2335,102.8905,103.7044,140827.0,140568.0,140364.0,3.0,4.0,3.0,17.0,20.0,17.0,6.0,6.0,4.0,5.599999999999999,0.0999999999998717,5.7,0.14142135623729798,291116.6666666667,8911.55616788235,291450.0,5984.647023847948,102.94279999999999,0.7368433822737371,103.11358333333332,0.5542615534814967,140586.33333333334,232.04381770110913,140201.5,476.4723496703093,3.3333333333333335,0.5773502691896223,3.1666666666666665,0.4082482904638651,18.0,1.7320508075688041,16.666666666666668,1.8618986725025066,5.333333333333333,1.1547005383792515,4.666666666666667,1.0327955589886484,0.04746175243393602,-0.0063854291698455246,0.0018425246144215812,-0.25,-0.15000000000000002,0.0,False,True,False,False,False,False,False,False,False,False,False
2015-04-30,5.4,5.4,5.5,5.7,284000.0,301250.0,287600.0,101.8914,102.2335,102.8905,140923.0,140827.0,140568.0,3.0,3.0,4.0,16.0,17.0,20.0,6.0,6.0,6.0,5.533333333333334,0.15275252316510968,5.616666666666667,0.14719601443878932,290950.0,9099.862636325262,289616.6666666667,6353.161942428288,102.33846666666666,0.5077535852497859,102.91813333333334,0.7480786901574663,140772.66666666666,183.63097051778885,140428.16666666666,433.5303526478811,3.3333333333333335,0.5773502691896223,3.1666666666666665,0.4082482904638651,17.666666666666668,2.0816659994660722,16.666666666666668,1.8618986725025066,6.0,0.0,5.0,1.0954451150103366,-0.05726141078838176,-0.0033462612548724735,0.0006816874605011236,0.0,-0.05882352941176472,0.0,False,False,True,False,False,False,False,False,False,False,False
2015-05-31,5.6,5.4,5.4,5.5,286000.0,284000.0,301250.0,101.3355,101.8914,102.2335,141196.0,140923.0,140827.0,3.0,3.0,3.0,15.0,16.0,17.0,5.0,6.0,6.0,5.433333333333334,0.05773502691873467,5.566666666666666,0.1632993161855396,290416.6666666667,9435.085231905536,289158.3333333333,6525.06066383442,101.82013333333335,0.453222024325919,102.62798333333335,0.9770021932768116,140982.0,191.44450893136946,140661.16666666666,401.6134542903015,3.0,0.0,3.1666666666666665,0.4082482904638651,16.0,0.9999999999998752,16.666666666666668,1.8618986725025066,5.666666666666667,0.5773502691896258,5.166666666666667,0.9831920802501802,0.007042253521126751,-0.005455808831756226,0.0019372281316747397,0.0,-0.0625,-0.16666666666666663,False,False,False,True,False,False,False,False,False,False,False
2015-06-30,5.3,5.6,5.4,5.4,274000.0,286000.0,284000.0,100.8883,101.3355,101.8914,141538.0,141196.0,140923.0,3.0,3.0,3.0,14.0,15.0,16.0,6.0,5.0,6.0,5.466666666666666,0.11547005383781134,5.533333333333334,0.12110601416389379,281333.3333333333,6429.100507327755,286225.0,8775.747831384706,101.37173333333334,0.5025306391993729,102.15726666666667,1.0289145866726164,141219.0,308.1444466479531,140902.66666666666,423.79130083919136,3.0,0.0,3.1666666666666665,0.4082482904638651,15.0,0.9999999999998752,16.5,2.0736441353327533,5.666666666666667,0.5773502691896258,5.5,0.836660026534083,-0.04195804195804198,-0.0044130635364704185,0.0024221649338507234,0.0,-0.06666666666666665,0.19999999999999996,False,False,False,False,True,False,False,False,False,False,False
2015-07-31,5.2,5.3,5.6,5.4,273750.0,274000.0,286000.0,100.571,100.8883,101.3355,141709.0,141538.0,141196.0,3.0,3.0,3.0,16.0,14.0,15.0,8.0,6.0,5.0,5.433333333333333,0.15275252316510826,5.483333333333333,0.14719601443879493,277916.6666666667,7001.487937097515,284433.3333333333,10182.91052041215,100.9316,0.38408492550585466,101.63503333333334,0.8694343670845148,141481.0,261.2068146124316,141126.83333333334,437.3792023713118,3.0,0.0,3.1666666666666665,0.4082482904638651,15.0,0.9999999999998752,16.333333333333332,2.0655911179772684,6.333333333333333,1.5275252316519468,6.166666666666667,0.9831920802501833,-0.0009124087591241281,-0.003145062410606636,0.0012081561135526275,0.0,0.1428571428571428,0.33333333333333326,False,False,False,False,False,True,False,False,False,False,False
2015-08-31,5.1,5.2,5.3,5.6,277750.0,273750.0,274000.0,101.2228,100.571,100.8883,141991.0,141709.0,141538.0,3.0,3.0,3.0,17.0,16.0,14.0,9.0,8.0,6.0,5.366666666666667,0.2081665999465491,5.3999999999999995,0.14142135623731067,275166.6666666667,2240.7216099556167,282791.6666666667,10362.693504428315,100.89403333333333,0.3259378212699144,101.35708333333334,0.6180263988436352,141746.0,228.755327806749,141364.0,459.02156812103675,3.0,0.0,3.0,0.0,15.666666666666666,1.5275252316518653,15.833333333333334,1.1690451944499658,7.666666666666667,1.5275252316519468,6.666666666666667,1.5055453054181682,0.01461187214611881,0.006480993526961187,0.0019899935783895817,0.0,0.0625,0.125,False,False,False,False,False,False,True,False,False,False,False
2015-09-30,5.0,5.1,5.2,5.3,275200.0,277750.0,273750.0,101.0367,101.2228,100.571,142125.0,141991.0,141709.0,3.0,3.0,3.0,16.0,17.0,16.0,9.0,9.0,8.0,5.199999999999999,0.09999999999986396,5.333333333333333,0.17511900715418632,275566.6666666667,2025.051439673096,278450.0,5305.657357958114,100.94349999999999,0.3357461690039672,101.15761666666667,0.4484642122484435,141941.66666666666,212.34249064496692,141580.33333333334,461.1844171987666,3.0,0.0,3.0,0.0,16.333333333333332,0.5773502691894106,15.666666666666666,1.0327955589885884,8.666666666666666,0.5773502691896258,7.166666666666667,1.7224014243685148,-0.00918091809180921,-0.001838518594625027,0.0009437217851835378,0.0,-0.05882352941176472,0.0,False,False,False,False,False,False,False,True,False,False,False
2015-10-31,5.0,5.0,5.1,5.2,269500.0,275200.0,277750.0,100.7547,101.0367,101.2228,142275.0,142125.0,141991.0,3.0,3.0,3.0,16.0,16.0,17.0,9.0,9.0,9.0,5.1,0.09999999999986185,5.266666666666667,0.2160246899469339,274150.0,4224.038352097282,276033.3333333333,5567.914031908389,101.00473333333333,0.23568157190193673,100.96816666666666,0.2878043756922448,142130.33333333334,142.07509751292977,141805.66666666666,402.3131450337819,3.0,0.0,3.0,0.0,16.333333333333332,0.5773502691894106,15.666666666666666,1.0327955589885884,9.0,0.0,7.666666666666667,1.7511900715418334,-0.020712209302325535,-0.0027910650288459626,0.0010554089709762238,0.0,0.0,0.0,False,False,False,False,False,False,False,False,True,False,False
2015-11-30,5.1,5.0,5.0,5.1,267000.0,269500.0,275200.0,100.2675,100.7547,101.0367,142579.0,142275.0,142125.0,3.0,3.0,3.0,16.0,16.0,16.0,9.0,9.0,9.0,5.033333333333332,0.05773502691872094,5.2,0.2280350850198347,270566.6666666667,4202.7768598061575,272866.6666666667,3927.0429927265936,100.6863,0.3891350408288289,100.79016666666666,0.3406032276235641,142326.33333333334,231.31219884239925,142036.16666666666,378.6420033052076,3.0,0.0,3.0,0.0,16.0,0.0,15.833333333333334,0.9831920802501203,9.0,0.0,8.333333333333334,1.2110601416390083,-0.00927643784786647,-0.004835506432950498,0.0021367070813564926,0.0,0.0,0.0,False,False,False,False,False,False,False,False,False,True,False
2015-12-31,5.0,5.1,5.0,5.0,268500.0,267000.0,269500.0,99.5298,100.2675,100.7547,142808.0,142579.0,142275.0,3.0,3.0,3.0,15.0,16.0,16.0,8.0,9.0,9.0,5.033333333333333,0.05773502691872094,5.116666666666666,0.11690451944502095,268333.3333333333,1258.3057392073592,271950.0,4239.103678852005,100.18400000000001,0.6167042970507701,100.56374999999998,0.6084997510278127,142554.0,267.3780095669254,142247.83333333334,398.8956839412869,3.0,0.0,3.0,0.0,15.666666666666666,0.5773502691894075,16.0,0.6324555320335973,8.666666666666666,0.5773502691896258,8.666666666666666,0.5163977794943505,0.00561797752808979,-0.007357319171217069,0.0016061271295211288,0.0,-0.0625,-0.11111111111111116,False,False,False,False,False,False,False,False,False,False,True
2016-01-31,4.8,5.0,5.1,5.0,271000.0,268500.0,267000.0,99.0417,99.5298,100.2675,143077.0,142808.0,142579.0,3.0,3.0,3.0,17.0,15.0,16.0,8.0,8.0,9.0,5.033333333333332,0.05773502691872094,5.066666666666666,0.08164965809280589,268833.3333333333,2020.7259421609338,271491.6666666667,4153.362091935084,99.613,0.6171208066504495,100.30886666666667,0.8692698422627773,142821.33333333334,249.26759382900602,142475.83333333334,419.72868220672945,3.0,0.0,3.0,0.0,16.0,0.9999999999998749,16.166666666666668,0.7527726527090204,8.333333333333334,0.5773502691896258,8.666666666666666,0.5163977794943505,0.009310986964618184,-0.00490405888487655,0.0018836479749033685,0.0,0.1333333333333333,0.0,False,False,False,False,False,False,False,False,False,False,False
2016-02-29,4.9,4.8,5.0,5.1,279600.0,271000.0,268500.0,99.5607,99.0417,99.5298,143210.0,143077.0,142808.0,4.0,3.0,3.0,21.0,17.0,15.0,12.0,8.0,8.0,4.966666666666666,0.152752523165103,5.0,0.10954451150106306,273033.3333333333,5822.656896410977,271800.0,4738.354144643114,99.37740000000001,0.29113496870165373,100.03185,0.7800256553478621,143031.66666666666,204.79827473223952,142679.0,432.9290935018524,3.3333333333333335,0.5773502691896223,3.1666666666666665,0.4082482904638651,17.666666666666668,3.055050463303854,16.833333333333332,2.1369760566432667,9.333333333333334,2.309401076758503,9.166666666666666,1.4719601443879846,0.031734317343173446,0.005240216999506275,0.000929569392704721,0.33333333333333326,0.23529411764705888,0.5,True,False,False,False,False,False,False,False,False,False,False
2016-03-31,5.0,4.9,4.8,5.0,266750.0,279600.0,271000.0,99.0445,99.5607,99.0417,143406.0,143210.0,143077.0,4.0,4.0,3.0,17.0,21.0,17.0,12.0,12.0,8.0,4.8999999999999995,0.09999999999985942,4.966666666666666,0.10327955589889885,272450.0,6546.563984258387,270391.6666666667,4781.25680827997,99.21563333333332,0.2988397787013191,99.69981666666666,0.6849612847946209,143231.0,165.50226584542628,142892.5,420.77488042935516,3.6666666666666665,0.5773502691896233,3.3333333333333335,0.516397779494324,18.333333333333332,2.3094010767584523,17.0,2.0976176963402904,10.666666666666666,2.309401076758503,9.666666666666666,1.8618986725025337,-0.04595851216022895,-0.005184776724149187,0.00136861950981082,0.0,-0.19047619047619047,0.0,False,True,False,False,False,False,False,False,False,False,False
2016-04-30,5.1,5.0,4.9,4.8,263250.0,266750.0,279600.0,98.3096,99.0445,99.5607,143662.0,143406.0,143210.0,3.0,4.0,4.0,15.0,17.0,21.0,13.0,12.0,12.0,4.8999999999999995,0.09999999999985942,4.966666666666666,0.10327955589889885,269866.6666666667,8609.055310155842,269350.0,5621.387729027164,98.97160000000001,0.6287277709795592,99.2923,0.6586902671216441,143426.0,226.66274506404918,143123.66666666666,393.81552364908885,3.6666666666666665,0.5773502691896233,3.3333333333333335,0.516397779494324,17.666666666666668,3.0550504633038558,16.833333333333332,2.2286019533928902,12.333333333333334,0.5773502691896255,10.333333333333334,2.250925735484558,-0.013120899718837897,-0.007419897116952456,0.0017851414864091808,-0.25,-0.11764705882352944,0.08333333333333326,False,False,True,False,False,False,False,False,False,False,False
2016-05-31,4.8,5.1,5.0,4.9,266000.0,263250.0,266750.0,98.6421,98.3096,99.0445,143854.0,143662.0,143406.0,3.0,3.0,4.0,14.0,15.0,17.0,14.0,13.0,12.0,5.0,0.09999999999985998,4.983333333333333,0.11690451944503029,265333.3333333333,1842.7786989550941,269183.3333333333,5718.974267010114,98.66539999999999,0.36800362770077955,99.02140000000001,0.4900588699337616,143640.66666666666,224.76061339412882,143336.16666666666,385.0300854050414,3.3333333333333335,0.5773502691896223,3.3333333333333335,0.516397779494324,15.333333333333334,1.5275252316518724,16.5,2.5099800796022116,13.0,0.9999999999999998,11.166666666666666,2.56255081250435,0.010446343779677125,0.0033821722395370735,0.0013364703261822264,0.0,-0.06666666666666665,0.07692307692307687,False,False,False,True,False,False,False,False,False,False,False
2016-06-30,4.9,4.8,5.1,5.0,274500.0,266000.0,263250.0,98.4184,98.6421,98.3096,143900.0,143854.0,143662.0,3.0,3.0,3.0,15.0,14.0,15.0,16.0,14.0,13.0,4.966666666666666,0.15275252316510307,4.933333333333334,0.12110601416393148,267916.6666666667,5864.796103303381,270183.3333333333,6088.240030314479,98.4567,0.169526487608685,98.83616666666667,0.46905406795742105,143805.33333333334,126.24315162933021,143518.16666666666,341.0116811298664,3.0,0.0,3.3333333333333335,0.516397779494324,14.666666666666666,0.5773502691894301,16.5,2.509980079602212,14.333333333333334,1.5275252316519463,12.5,2.6645825188948535,0.03195488721804507,-0.002267794379884336,0.0003197686543301437,0.0,0.0714285714285714,0.1428571428571428,False,False,False,False,True,False,False,False,False,False,False
2016-07-31,4.8,4.9,4.8,5.1,265250.0,274500.0,266000.0,98.8833,98.4184,98.6421,144147.0,143900.0,143854.0,4.0,3.0,3.0,16.0,15.0,14.0,19.0,16.0,14.0,4.933333333333333,0.15275252316510282,4.916666666666667,0.11690451944503541,268583.3333333333,5137.687547265054,269225.0,6379.55719466933,98.64793333333334,0.2325048888394895,98.80976666666668,0.45953333575204525,143967.0,157.57220567083422,143696.5,343.92775404196897,3.3333333333333335,0.5773502691896223,3.5,0.547722557505168,15.0,0.999999999999887,16.333333333333332,2.503331114069129,16.333333333333332,2.5166114784235836,14.333333333333334,2.732520204255902,-0.033697632058287796,0.004723710200531528,0.0017164697706741894,0.33333333333333326,0.06666666666666665,0.1875,False,False,False,False,False,True,False,False,False,False,False
2016-08-31,4.9,4.8,4.9,4.8,259400.0,265250.0,274500.0,98.9992,98.8833,98.4184,144520.0,144147.0,143900.0,3.0,4.0,3.0,17.0,16.0,15.0,19.0,19.0,16.0,4.833333333333333,0.0577350269187192,4.916666666666667,0.11690451944503541,266383.3333333333,7613.529623855307,265858.3333333333,4987.526106871493,98.76696666666668,0.30737964040296445,98.71618333333333,0.308315263435652,144189.0,312.1265768882421,143914.83333333334,386.4931650974246,3.3333333333333335,0.5773502691896223,3.3333333333333335,0.516397779494324,16.0,0.999999999999887,15.666666666666666,1.2110601416389506,18.0,1.732050807568878,15.5,3.0166206257996797,-0.02205466540999057,0.0011720887146766668,0.002587636232457058,-0.25,0.0625,0.0,False,False,False,False,False,False,True,False,False,False,False
2016-09-30,5.0,4.9,4.8,4.9,263500.0,259400.0,265250.0,98.85,98.9992,98.8833,144661.0,144520.0,144147.0,3.0,3.0,4.0,16.0,17.0,16.0,19.0,19.0,19.0,4.866666666666666,0.05773502691871952,4.916666666666667,0.11690451944503541,262716.6666666667,3002.6377292844036,265316.6666666667,5047.441596167789,98.91083333333334,0.07831809072142472,98.68376666666667,0.27535487405781106,144442.66666666666,265.5830064844259,144124.0,395.53356368375296,3.3333333333333335,0.5773502691896223,3.1666666666666665,0.4082482904638651,16.333333333333332,0.5773502691894298,15.5,1.0488088481700948,19.0,0.0,16.666666666666668,2.7325202042559025,0.01580570547417115,-0.0015070828855183738,0.0009756435095489291,0.0,-0.05882352941176472,0.0,False,False,False,False,False,False,False,True,False,False,False
2016-10-31,4.9,5.0,4.9,4.8,251500.0,263500.0,259400.0,98.7457,98.85,98.9992,144967.0,144661.0,144520.0,3.0,3.0,3.0,14.0,16.0,17.0,19.0,19.0,19.0,4.8999999999999995,0.09999999999985981,4.916666666666667,0.11690451944503541,258133.33333333334,6099.4535274336195,263358.3333333333,7628.919757523034,98.86496666666666,0.12741100162172286,98.75644999999999,0.20554287874001126,144716.0,228.51914580615647,144341.5,446.22897709627136,3.0,0.0,3.1666666666666665,0.4082482904638651,15.666666666666666,1.5275252316518724,15.333333333333334,1.2110601416389444,19.0,0.0,17.666666666666668,2.1602468994693,-0.04554079696394686,-0.0010551340414769461,0.0021152902302625787,0.0,-0.125,0.0,False,False,False,False,False,False,False,False,True,False,False
2016-11-30,4.7,4.9,5.0,4.9,255800.0,251500.0,263500.0,98.7611,98.7457,98.85,145065.0,144967.0,144661.0,3.0,3.0,3.0,14.0,14.0,16.0,19.0,19.0,19.0,4.933333333333334,0.05773502691871985,4.883333333333334,0.07527726527096532,256933.33333333334,6079.747801786061,261658.33333333334,8047.509966860911,98.7856,0.056301065717433596,98.77628333333332,0.19790144432873366,144897.66666666666,210.7352209131401,144543.33333333334,455.4069242634141,3.0,0.0,3.1666666666666665,0.4082482904638651,14.666666666666666,1.1547005383791529,15.333333333333334,1.2110601416389444,19.0,0.0,18.5,1.2247448713916138,0.017097415506958313,0.00015595615809083085,0.0006760159208647476,0.0,0.0,0.0,False,False,False,False,False,False,False,False,False,True,False
2016-12-31,4.7,4.7,4.9,5.0,245750.0,255800.0,251500.0,98.3491,98.7611,98.7457,145183.0,145065.0,144967.0,3.0,3.0,3.0,15.0,14.0,14.0,17.0,19.0,19.0,4.866666666666666,0.15275252316510257,4.866666666666666,0.10327955589890755,251016.66666666666,5042.403527418492,256866.66666666666,7405.65099547142,98.61863333333334,0.23354968065542397,98.76473333333333,0.2233515674164786,145071.66666666666,108.15421089034162,144757.16666666666,389.33914093894566,3.0,0.0,3.1666666666666665,0.4082482904638651,14.333333333333334,0.5773502691894278,15.333333333333334,1.2110601416389444,18.333333333333332,1.1547005383792521,18.666666666666668,0.8164965809277633,-0.03928850664581707,-0.00417168298044468,0.0008134284631027278,0.0,0.0714285714285714,-0.10526315789473684,False,False,False,False,False,False,False,False,False,False,True
2017-01-31,4.7,4.7,4.7,4.9,252200.0,245750.0,255800.0,99.0214,98.3491,98.7611,145408.0,145183.0,145065.0,3.0,3.0,3.0,17.0,15.0,14.0,18.0,17.0,19.0,4.766666666666667,0.11547005383780243,4.833333333333333,0.12110601416393889,251250.0,5091.905340831575,254691.66666666666,6282.230230318479,98.71053333333333,0.3389905062597582,98.78775,0.24416008478195478,145218.66666666666,174.25938520870153,144967.33333333334,329.90463268510916,3.0,0.0,3.0,0.0,15.333333333333334,1.5275252316518715,15.5,1.3784048752089786,18.0,1.0000000000000004,18.5,0.8366600265341122,0.02624618514750754,0.006835853098808187,0.0015497682235523502,0.0,0.1333333333333333,0.05882352941176472,False,False,False,False,False,False,False,False,False,False,False
2017-02-28,4.6,4.7,4.7,4.7,244000.0,252200.0,245750.0,98.7611,99.0214,98.3491,145628.0,145408.0,145183.0,4.0,3.0,3.0,22.0,17.0,15.0,26.0,18.0,17.0,4.7,0.0,4.816666666666666,0.13291601358254945,247316.66666666666,4318.661057934788,252125.0,7070.342990270083,98.71053333333333,0.3389905062597582,98.74806666666666,0.22118826973281497,145406.33333333334,222.50468159864442,145152.0,339.39593397749314,3.3333333333333335,0.5773502691896223,3.1666666666666665,0.4082482904638651,18.0,3.605551275463957,16.333333333333332,3.0110906108363102,20.333333333333332,4.932882862316248,19.666666666666668,3.2041639575194547,-0.03251387787470261,-0.002628724699913376,0.0015129841549295087,0.33333333333333326,0.2941176470588236,0.4444444444444444,True,False,False,False,False,False,False,False,False,False,False
2017-03-31,4.4,4.6,4.7,4.7,230250.0,244000.0,252200.0,98.3646,98.7611,99.0214,145846.0,145628.0,145408.0,3.0,4.0,3.0,16.0,22.0,17.0,22.0,26.0,18.0,4.666666666666666,0.057735026918714655,4.766666666666667,0.15055453054185197,242150.0,11091.325439278622,246583.33333333334,9108.384415840672,98.71570000000001,0.3307452645177538,98.66716666666666,0.26153725292469043,145627.33333333334,219.00076103363412,145349.5,341.3108553803756,3.3333333333333335,0.5773502691896223,3.1666666666666665,0.4082482904638651,18.333333333333332,3.214550253664282,16.333333333333332,3.0110906108363102,22.0,4.000000000000001,20.166666666666668,3.3115957885386216,-0.05635245901639341,-0.004014738596471723,0.0014969648693932136,-0.25,-0.2727272727272727,-0.15384615384615385,False,True,False,False,False,False,False,False,False,False,False
2017-04-30,4.4,4.4,4.6,4.7,233750.0,230250.0,244000.0,99.0137,98.3646,98.7611,145970.0,145846.0,145628.0,3.0,3.0,4.0,13.0,16.0,22.0,22.0,22.0,26.0,4.566666666666666,0.1527525231650997,4.666666666666667,0.16329931618558396,236000.0,7145.802963977464,243625.0,10028.1977443638,98.71313333333335,0.3271976517859694,98.71183333333333,0.2979784802085472,145814.66666666666,173.1396353620697,145516.66666666666,361.5276845100104,3.3333333333333335,0.5773502691896223,3.1666666666666665,0.4082482904638651,17.0,4.582575694955815,16.166666666666668,3.1885210782848175,23.333333333333332,2.3094010767585043,20.666666666666668,3.3266599866332505,0.015200868621064068,0.006598918716692825,0.0008502118673121561,0.0,-0.1875,0.0,False,False,True,False,False,False,False,False,False,False,False
2017-05-31,4.4,4.4,4.4,4.6,227800.0,233750.0,230250.0,100.0224,99.0137,98.3646,146175.0,145970.0,145846.0,3.0,3.0,3.0,13.0,13.0,16.0,24.0,22.0,22.0,4.466666666666667,0.11547005383779786,4.583333333333333,0.14719601443884586,230600.0,2990.4013108593144,238958.33333333334,9740.19592547968,99.13356666666668,0.8353748998708564,98.92205,0.615462001264692,145997.0,166.15354344695294,145701.66666666666,368.11990800171213,3.0,0.0,3.1666666666666665,0.4082482904638651,14.0,1.7320508075688106,16.0,3.346640106136287,22.666666666666668,1.1547005383792526,21.5,3.44963766213208,-0.025454545454545507,0.0101874791064267,0.001404398164006393,0.0,0.0,0.09090909090909083,False,False,False,True,False,False,False,False,False,False,False
2017-06-30,4.3,4.4,4.4,4.4,239000.0,227800.0,233750.0,100.1408,100.0224,99.0137,146380.0,146175.0,145970.0,3.0,3.0,3.0,15.0,13.0,13.0,28.0,24.0,22.0,4.4,0.0,4.533333333333334,0.15055453054186688,233516.66666666666,5603.644647309685,237833.33333333334,9172.113533244734,99.72563333333333,0.6193879586609801,99.22066666666666,0.7093681347984425,146175.0,204.9999999999475,145901.16666666666,354.93121399393044,3.0,0.0,3.1666666666666665,0.4082482904638651,13.666666666666666,1.1547005383791518,16.0,3.346640106136287,24.666666666666668,3.055050463303893,23.333333333333332,3.5023801430836667,0.04916593503072875,0.0011837348433949568,0.0014024285958611493,0.0,0.15384615384615374,0.16666666666666674,False,False,False,False,True,False,False,False,False,False,False
2017-07-31,4.3,4.3,4.4,4.4,248000.0,239000.0,227800.0,100.3471,100.1408,100.0224,146583.0,146380.0,146175.0,3.0,3.0,3.0,18.0,15.0,13.0,36.0,28.0,24.0,4.366666666666667,0.05773502691870618,4.466666666666667,0.1505545305418716,238266.66666666666,10119.947298939978,237133.33333333334,7932.948169925944,100.1701,0.16432099683503967,99.44161666666666,0.8309328719381801,146379.33333333334,204.0008169917717,146097.0,352.55070557375797,3.0,0.0,3.1666666666666665,0.4082482904638651,15.333333333333334,2.5166114784235374,16.166666666666668,3.430257521916769,29.333333333333332,6.110100926607787,26.333333333333332,5.2788887719544535,0.03765690376569042,0.0020600993800727885,0.0013868014756113212,0.0,0.19999999999999996,0.2857142857142858,False,False,False,False,False,True,False,False,False,False,False
2017-08-31,4.4,4.3,4.3,4.4,250800.0,248000.0,239000.0,100.1068,100.3471,100.1408,146772.0,146583.0,146380.0,3.0,3.0,3.0,16.0,18.0,15.0,36.0,36.0,28.0,4.333333333333333,0.05773502691870497,4.4,0.10954451150111585,245933.33333333334,6165.4953842592895,238266.66666666666,9450.696623356984,100.19823333333333,0.13003831486985937,99.66590000000001,0.7911757124689675,146578.33333333334,196.041662238687,146287.66666666666,357.49163160448495,3.0,0.0,3.0,0.0,16.333333333333332,1.5275252316518706,15.166666666666666,1.9407902170679174,33.333333333333336,4.618802153517007,28.0,6.572670690062004,0.011290322580645107,-0.0023946880378206137,0.0012893718916928698,0.0,-0.11111111111111116,0.0,False,False,False,False,False,False,True,False,False,False,False
2017-09-30,4.3,4.4,4.3,4.3,247750.0,250800.0,248000.0,99.6925,100.1068,100.3471,146919.0,146772.0,146583.0,3.0,3.0,3.0,14.0,16.0,18.0,37.0,36.0,36.0,4.333333333333333,0.05773502691870497,4.366666666666667,0.05163977794961499,248850.0,1693.3694221844266,241183.33333333334,9178.271442201434,100.04879999999999,0.33113183175416233,99.88721666666667,0.47817036887228015,146758.0,168.43693181714235,146466.5,360.72856831777403,3.0,0.0,3.0,0.0,16.0,1.9999999999999423,14.833333333333334,1.940790217067914,36.333333333333336,0.5773502691896247,30.5,6.685805860178724,-0.012161084529505595,-0.0041385799965637515,0.0010015534298095652,0.0,-0.125,0.02777777777777768,False,False,False,False,False,False,False,True,False,False,False
2017-10-31,4.2,4.3,4.4,4.3,272400.0,247750.0,250800.0,99.7954,99.6925,100.1068,147008.0,146919.0,146772.0,3.0,3.0,3.0,13.0,14.0,16.0,36.0,37.0,36.0,4.333333333333333,0.05773502691870497,4.3500000000000005,0.0547722557506923,256983.33333333334,13438.036810982563,247625.0,14774.69965854001,99.86489999999999,0.21571696734581655,100.0175,0.23949570351217758,146899.66666666666,119.1819337538487,146639.5,321.7954319138405,3.0,0.0,3.0,0.0,14.333333333333334,1.5275252316518713,14.833333333333334,1.940790217067914,36.333333333333336,0.5773502691896247,32.833333333333336,5.455883674224264,0.09949545913218971,0.0010321739348497783,0.0006057759717938982,0.0,-0.0714285714285714,-0.027027027027026973,False,False,False,False,False,False,False,False,True,False,False
2017-11-30,4.2,4.2,4.3,4.4,242250.0,272400.0,247750.0,101.0247,99.7954,99.6925,147149.0,147008.0,146919.0,3.0,3.0,3.0,14.0,13.0,14.0,38.0,36.0,37.0,4.3,0.09999999999985051,4.316666666666666,0.07527726527104087,254133.33333333334,16056.644522854782,250033.33333333334,11768.758076650587,100.17086666666665,0.7412291301171237,100.18455,0.4761899988458349,147025.33333333334,115.975572140459,146801.83333333334,284.07000311068174,3.0,0.0,3.0,0.0,13.666666666666666,0.5773502691894271,15.0,1.7888543819997926,37.0,0.9999999999999991,35.166666666666664,3.6009258068817362,-0.11068281938325997,0.01231820304342679,0.0009591314758381486,0.0,0.07692307692307687,0.05555555555555558,False,False,False,False,False,False,False,False,False,True,False
2017-12-31,4.1,4.2,4.2,4.3,247750.0,242250.0,272400.0,101.2664,101.0247,99.7954,147372.0,147149.0,147008.0,3.0,3.0,3.0,15.0,14.0,13.0,36.0,38.0,36.0,4.233333333333333,0.057735026918701304,4.283333333333334,0.07527726527104579,254133.33333333334,16056.644522854782,251491.66666666666,10613.548731066725,100.6955,0.7888217352487347,100.37214999999999,0.6467004522967391,147176.33333333334,183.5329216606781,146967.16666666666,278.07007510215675,3.0,0.0,3.0,0.0,14.0,0.9999999999998852,15.0,1.7888543819997926,36.666666666666664,1.1547005383792504,36.5,0.8366600265342109,0.02270381836945301,0.0023924842142566405,0.0015154707133586687,0.0,0.0714285714285714,-0.052631578947368474,False,False,False,False,False,False,False,False,False,False,True
2018-01-31,4.0,4.1,4.2,4.2,242600.0,247750.0,242250.0,101.4644,101.2664,101.0247,147523.0,147372.0,147149.0,3.0,3.0,3.0,15.0,15.0,14.0,35.0,36.0,38.0,4.166666666666667,0.057735026918700666,4.25,0.10488088481711784,244200.0,3079.3668180308223,250591.66666666666,11182.54964964289,101.25183333333332,0.22021163305809568,100.55836666666666,0.7842741935493496,147348.0,188.1515346734383,147123.83333333334,283.09533141211716,3.0,0.0,3.0,0.0,14.666666666666666,0.5773502691894271,14.5,1.0488088481700757,36.333333333333336,1.5275252316519468,36.333333333333336,1.0327955589887534,-0.02078708375378402,0.001955238855138486,0.0010246179735635685,0.0,0.0,-0.02777777777777779,False,False,False,False,False,False,False,False,False,False,False
2018-02-28,4.1,4.0,4.1,4.2,235250.0,242600.0,247750.0,101.4625,101.4644,101.2664,147660.0,147523.0,147372.0,4.0,3.0,3.0,20.0,15.0,15.0,48.0,35.0,36.0,4.1000000000000005,0.09999999999984774,4.2,0.14142135623738986,241866.66666666666,6282.183802892316,248000.0,12808.356647129336,101.39776666666667,0.11377083692272896,100.78431666666665,0.8225149565007916,147518.33333333334,144.0567017993344,147271.83333333334,294.2715865783714,3.3333333333333335,0.5773502691896223,3.1666666666666665,0.4082482904638651,16.666666666666668,2.8867513459480887,15.166666666666666,2.483277404291863,39.666666666666664,7.234178138070237,38.333333333333336,4.844240566556013,-0.030296784830997514,-1.87257796822049e-05,0.0009286687499576729,0.33333333333333326,0.33333333333333326,0.37142857142857144,True,False,False,False,False,False,False,False,False,False,False
2018-03-31,4.0,4.1,4.0,4.1,221000.0,235250.0,242600.0,101.7085,101.4625,101.4644,148054.0,147660.0,147523.0,3.0,4.0,3.0,15.0,20.0,15.0,42.0,48.0,35.0,4.066666666666666,0.0577350269186974,4.1499999999999995,0.10488088481712898,232950.0,10982.144599302505,243541.66666666666,16911.22161958532,101.54513333333334,0.14148287293550482,101.12031666666667,0.6880885798118714,147745.66666666666,275.67069726995567,147461.0,375.65090177012723,3.3333333333333335,0.5773502691896223,3.1666666666666665,0.4082482904638651,16.666666666666668,2.8867513459480887,15.333333333333334,2.4221202832779665,41.666666666666664,6.506407098647714,39.166666666666664,4.996665554814223,-0.060573857598299696,0.0024245410866083894,0.0026682920222131923,-0.25,-0.25,-0.125,False,True,False,False,False,False,False,False,False,False,False
2018-04-30,4.0,4.0,4.1,4.0,225800.0,221000.0,235250.0,102.2067,101.7085,101.4625,148280.0,148054.0,147660.0,3.0,3.0,4.0,14.0,15.0,20.0,41.0,42.0,48.0,4.033333333333332,0.05773502691869676,4.1000000000000005,0.08944271910013113,227350.0,7250.344819385433,235775.0,10487.93354288943,101.79256666666667,0.3791553947052012,101.5222,0.40573211852264807,147998.0,313.77061685245775,147673.0,424.60711251784494,3.3333333333333335,0.5773502691896223,3.1666666666666665,0.4082482904638651,16.333333333333332,3.2145502536642816,15.5,2.2583179581272157,43.666666666666664,3.7859388972001873,40.0,4.774934554525356,0.021719457013574583,0.004898312333777355,0.001526470071730568,0.0,-0.06666666666666665,-0.023809523809523836,False,False,True,False,False,False,False,False,False,False,False
2018-05-31,3.8,4.0,4.0,4.1,221500.0,225800.0,221000.0,103.3329,102.2067,101.7085,148420.0,148280.0,148054.0,3.0,3.0,3.0,13.0,14.0,15.0,45.0,41.0,42.0,4.033333333333332,0.05773502691869676,4.066666666666666,0.08164965809292954,222766.66666666666,2638.8128643999194,232316.66666666666,11314.356661637139,102.41603333333335,0.8321863813677803,101.90690000000001,0.7702280779099803,148251.33333333334,184.67629337114153,147884.83333333334,427.93663861305083,3.0,0.0,3.1666666666666665,0.4082482904638651,14.0,0.9999999999998781,15.333333333333334,2.4221202832779665,42.666666666666664,2.081665999466141,41.166666666666664,5.036533199202299,-0.01904340124003545,0.011018847101021745,0.0009441596978689848,0.0,-0.0714285714285714,0.09756097560975618,False,False,False,True,False,False,False,False,False,False,False
2018-06-30,4.0,3.8,4.0,4.0,221250.0,221500.0,225800.0,102.4024,103.3329,102.2067,148742.0,148420.0,148280.0,3.0,3.0,3.0,12.0,13.0,14.0,54.0,45.0,41.0,3.933333333333333,0.11547005383779123,4.0,0.10954451150115668,222850.0,2557.8311124836187,227900.0,9025.685569532494,102.64733333333334,0.6017273995207325,102.09623333333333,0.7192292810137725,148480.66666666666,236.89941606788398,148113.16666666666,463.58792765500624,3.0,0.0,3.1666666666666665,0.4082482904638651,13.0,0.999999999999875,14.833333333333334,2.7868739954771042,46.666666666666664,6.658328118479396,44.166666666666664,6.493586579592741,-0.0011286681715575453,-0.009004876472062606,0.0021695189327584075,0.0,-0.07692307692307687,0.19999999999999996,False,False,False,False,True,False,False,False,False,False,False
2018-07-31,3.8,4.0,3.8,4.0,222600.0,221250.0,221500.0,103.198,102.4024,103.3329,148960.0,148742.0,148420.0,3.0,3.0,3.0,14.0,12.0,13.0,64.0,54.0,45.0,3.933333333333333,0.11547005383779123,3.983333333333333,0.09831920802515694,221783.33333333334,718.2153808729752,224566.66666666666,5525.365749589299,102.97776666666665,0.5028266135895788,102.38516666666668,0.7616082186187445,148707.33333333334,271.66400816689725,148352.66666666666,468.8789467095805,3.0,0.0,3.1666666666666665,0.4082482904638651,13.0,0.999999999999875,14.666666666666666,2.80475786239499,54.333333333333336,9.504384952922171,49.0,8.717797887081364,0.006101694915254141,0.007769349155879013,0.0014656250420190808,0.0,0.16666666666666674,0.18518518518518512,False,False,False,False,False,True,False,False,False,False,False
2018-08-31,3.8,3.8,4.0,3.8,209500.0,222600.0,221250.0,103.3646,103.198,102.4024,149020.0,148960.0,148742.0,3.0,3.0,3.0,17.0,14.0,12.0,65.0,64.0,54.0,3.866666666666666,0.11547005383779047,3.9499999999999997,0.12247448713927382,217783.33333333334,7205.26427921437,220275.0,5567.921515257633,102.98833333333333,0.5142249442938028,102.70218333333334,0.6935724718208299,148907.33333333334,146.29194555169846,148579.33333333334,388.97746293006196,3.0,0.0,3.0,0.0,14.333333333333334,2.5166114784235356,14.166666666666666,1.7224014243684578,61.0,6.082762530298222,51.833333333333336,10.833589740555388,-0.05884995507637014,0.001614372371557593,0.0004027926960257222,0.0,0.2142857142857142,0.015625,False,False,False,False,False,False,True,False,False,False,False
2018-09-30,3.7,3.8,3.8,4.0,208500.0,209500.0,222600.0,104.0327,103.3646,103.198,149277.0,149020.0,148960.0,3.0,3.0,3.0,14.0,17.0,14.0,64.0,65.0,64.0,3.866666666666666,0.11547005383779047,3.9,0.10954451150116686,213533.33333333334,7867.86714004009,218191.66666666666,7308.790369598517,103.53176666666667,0.441746016772023,103.08954999999999,0.6764265362927736,149085.66666666666,168.3933886270518,148783.16666666666,378.94401521535013,3.0,0.0,3.0,0.0,15.0,1.73205080756881,14.0,1.673320053068097,64.33333333333333,0.5773502691896494,55.5,10.55935604097145,-0.004773269689737458,0.006463528132455432,0.0017246007247349038,0.0,-0.17647058823529416,-0.01538461538461533,False,False,False,False,False,False,False,True,False,False,False
2018-10-31,3.8,3.7,3.8,3.8,205200.0,208500.0,209500.0,104.1004,104.0327,103.3646,149358.0,149277.0,149020.0,3.0,3.0,3.0,11.0,14.0,17.0,62.0,64.0,65.0,3.766666666666666,0.05773502691869119,3.8499999999999996,0.12247448713928293,207733.33333333334,2250.185177562663,214758.33333333334,7839.15918110717,103.83256666666666,0.4066822141844021,103.40516666666667,0.6216871581975513,149218.33333333334,176.47190522375283,148962.83333333334,346.86274903417547,3.0,0.0,3.0,0.0,14.0,2.9999999999999605,13.5,2.073644135332724,63.666666666666664,1.527525231651955,59.0,7.9498427657407325,-0.015827338129496438,0.0006507569254665668,0.0005426154062582178,0.0,-0.2142857142857143,-0.03125,False,False,False,False,False,False,False,False,True,False,False
2018-11-30,3.8,3.8,3.7,3.8,213000.0,205200.0,208500.0,103.9856,104.1004,104.0327,149527.0,149358.0,149277.0,3.0,3.0,3.0,13.0,11.0,14.0,63.0,62.0,64.0,3.766666666666666,0.05773502691869119,3.8166666666666664,0.09831920802517584,208900.0,3915.354390089024,213341.66666666666,7111.428595348277,104.03956666666666,0.057707220812626796,103.51395000000001,0.6622917959639073,149387.33333333334,127.55521680158259,149147.33333333334,290.15283329231187,3.0,0.0,3.0,0.0,12.666666666666666,1.527525231651866,13.5,2.073644135332724,63.0,1.0000000000000115,62.0,4.049691346263351,0.03801169590643272,-0.0011027815455079137,0.00113150952744423,0.0,0.18181818181818188,0.016129032258064502,False,False,False,False,False,False,False,False,False,True,False
2018-12-31,3.9,3.8,3.8,3.7,225250.0,213000.0,205200.0,104.0681,103.9856,104.1004,149617.0,149527.0,149358.0,3.0,3.0,3.0,15.0,13.0,11.0,59.0,63.0,62.0,3.766666666666666,0.05773502691869119,3.816666666666667,0.09831920802517584,214483.33333333334,10106.96954251484,214008.33333333334,8117.41440772473,104.05136666666665,0.05920104166242743,103.79156666666665,0.4005658131540989,149500.66666666666,131.49271209195885,149293.16666666666,264.43556241089453,3.0,0.0,3.0,0.0,13.0,1.9999999999999387,14.0,1.9999999999999547,61.333333333333336,2.0816659994661393,62.833333333333336,2.1369760566433444,0.057511737089201986,0.000793379083257717,0.0006018979849793382,0.0,0.15384615384615374,-0.06349206349206349,False,False,False,False,False,False,False,False,False,False,True
2019-01-31,4.0,3.9,3.8,3.8,224600.0,225250.0,213000.0,104.0936,104.0681,103.9856,149809.0,149617.0,149527.0,3.0,3.0,3.0,14.0,15.0,13.0,56.0,59.0,63.0,3.8333333333333326,0.05773502691869241,3.7999999999999994,0.0632455532036167,220950.0,6892.5684617556935,214341.66666666666,8569.271653223332,104.0491,0.056451306455946135,103.94083333333333,0.2854765746393617,149651.0,144.04166064013037,149434.66666666666,277.33782047816425,3.0,0.0,3.0,0.0,14.0,0.9999999999998805,14.0,1.9999999999999547,59.333333333333336,3.511884584284251,61.5,3.3911649915626745,-0.002885682574916726,0.0002450318589461986,0.0012832766330028722,0.0,-0.06666666666666665,-0.05084745762711862,False,False,False,False,False,False,False,False,False,False,False
2019-02-28,3.8,4.0,3.9,3.8,222750.0,224600.0,225250.0,103.4021,104.0936,104.0681,150060.0,149809.0,149617.0,4.0,3.0,3.0,18.0,14.0,15.0,71.0,56.0,59.0,3.9,0.09999999999984485,3.8333333333333335,0.10327955589901333,224200.0,1297.1121771031376,216550.0,8776.787567217845,103.8546,0.3920838558275529,103.94708333333334,0.27034746099754875,149828.66666666666,222.15385059301022,149608.0,291.00103092760867,3.3333333333333335,0.5773502691896223,3.1666666666666665,0.4082482904638651,15.666666666666666,2.0816659994660784,14.166666666666666,2.316606713852503,62.0,7.937253933193775,62.5,5.089204259999816,-0.008236865538735483,-0.006643059707801324,0.001675466761009048,0.33333333333333326,0.2857142857142858,0.2678571428571428,True,False,False,False,False,False,False,False,False,False,False
2019-03-31,3.8,3.8,4.0,3.9,222500.0,222750.0,224600.0,102.8371,103.4021,104.0936,150067.0,150060.0,149809.0,4.0,4.0,3.0,15.0,18.0,14.0,65.0,71.0,56.0,3.9,0.09999999999984485,3.8333333333333335,0.10327955589901333,223283.33333333334,1147.0977871666305,218883.33333333334,8038.573671164299,103.44426666666668,0.6293104030079083,103.74781666666667,0.5199862129593331,149978.66666666666,146.9773225137255,149739.66666666666,290.00390802128453,3.6666666666666665,0.5773502691896233,3.3333333333333335,0.516397779494324,15.666666666666666,2.0816659994660784,14.333333333333334,2.3380903888999884,64.0,7.5498344352707525,62.666666666666664,5.163977794943248,-0.001122334455667784,-0.0054641056612969585,4.664800746367881e-05,0.0,-0.16666666666666663,-0.08450704225352113,False,True,False,False,False,False,False,False,False,False,False
2019-04-30,3.7,3.8,3.8,4.0,211800.0,222500.0,222750.0,102.8757,102.8371,103.4021,150295.0,150067.0,150060.0,3.0,4.0,4.0,13.0,15.0,18.0,64.0,65.0,71.0,3.866666666666666,0.11547005383779047,3.85,0.08366600265358914,219016.66666666666,6251.0665756591125,219983.33333333334,5979.520605093324,103.0383,0.3156506296535724,103.5437,0.5896132800413308,150140.66666666666,133.70240586207132,149895.83333333334,295.6040707900433,3.6666666666666665,0.5773502691896233,3.3333333333333335,0.516397779494324,15.333333333333334,2.5166114784235374,14.666666666666666,1.861898672502484,66.66666666666667,3.7859388972001895,63.0,5.1768716422179395,-0.048089887640449414,0.00037535091907470175,0.0015193213697881625,-0.25,-0.1333333333333333,-0.01538461538461533,False,False,True,False,False,False,False,False,False,False,False
2019-05-31,3.6,3.7,3.8,3.8,209750.0,211800.0,222500.0,102.274,102.8757,102.8371,150591.0,150295.0,150067.0,3.0,3.0,4.0,14.0,13.0,15.0,69.0,64.0,65.0,3.7666666666666657,0.05773502691869119,3.8333333333333335,0.10327955589901333,214683.33333333334,6846.592826605256,219441.66666666666,6825.937054114678,102.66226666666667,0.3368022317830817,103.25843333333334,0.7303176231392212,150317.66666666666,262.7343398440878,150073.16666666666,345.0926928633446,3.3333333333333335,0.5773502691896223,3.3333333333333335,0.516397779494324,14.0,0.9999999999998797,14.833333333333334,1.7224014243684658,66.0,2.645751311064603,64.0,5.727128425310565,-0.009678942398489099,-0.0058488058890485695,0.0019694600618782587,0.0,0.07692307692307687,0.078125,False,False,False,True,False,False,False,False,False,False,False
2019-06-30,3.6,3.6,3.7,3.8,218500.0,209750.0,211800.0,102.392,102.274,102.8757,150618.0,150591.0,150295.0,3.0,3.0,3.0,13.0,14.0,13.0,84.0,69.0,64.0,3.6999999999999997,0.09999999999984267,3.7999999999999994,0.14142135623742091,213350.0,4576.297630179803,218316.66666666666,6205.212862322779,102.51389999999999,0.3188344868434754,102.97908333333334,0.6773104499914928,150501.33333333334,179.19914434312903,150240.0,321.62089484521823,3.0,0.0,3.3333333333333335,0.516397779494324,13.333333333333334,0.5773502691894135,14.5,1.8708286933869278,72.33333333333333,10.40832999733067,68.16666666666667,9.325592027676684,0.04171632896305133,0.001153763419832865,0.00017929358328183653,0.0,-0.0714285714285714,0.21739130434782616,False,False,False,False,True,False,False,False,False,False,False
2019-07-31,3.7,3.6,3.6,3.7,225200.0,218500.0,209750.0,102.4375,102.392,102.274,150838.0,150618.0,150591.0,3.0,3.0,3.0,14.0,13.0,14.0,94.0,84.0,69.0,3.633333333333333,0.057735026918689106,3.75,0.15165750888113863,217816.66666666666,7747.634047457499,218416.66666666666,6330.297518026781,102.36783333333334,0.08438651156486211,102.70306666666666,0.42137895850129353,150682.33333333334,135.48554658452304,150411.5,320.17791929031404,3.0,0.0,3.3333333333333335,0.516397779494324,13.666666666666666,0.5773502691894157,14.5,1.8708286933869278,82.33333333333333,12.583057392117924,74.5,11.945710527214368,0.03066361556064079,0.0004443706539574155,0.0014606487936368318,0.0,0.07692307692307687,0.11904761904761907,False,False,False,False,False,True,False,False,False,False,False
2019-08-31,3.6,3.7,3.6,3.6,208500.0,225200.0,218500.0,101.9408,102.4375,102.392,150937.0,150838.0,150618.0,3.0,3.0,3.0,16.0,14.0,13.0,88.0,94.0,84.0,3.633333333333333,0.057735026918689106,3.6999999999999997,0.08944271910018035,217400.0,8404.165633778846,216041.66666666666,7015.441302351307,102.25676666666668,0.27457924782126697,102.45951666666667,0.3533565871291955,150797.66666666666,163.27992324014397,150557.66666666666,327.7130858964472,3.0,0.0,3.1666666666666665,0.4082482904638651,14.333333333333334,1.527525231651869,14.166666666666666,1.1690451944499374,88.66666666666667,5.033222956847189,77.33333333333333,12.92542713672035,-0.07415630550621666,-0.004848810250152602,0.0006563332847160375,0.0,0.1428571428571428,-0.06382978723404253,False,False,False,False,False,False,True,False,False,False,False
2019-09-30,3.5,3.6,3.7,3.6,211000.0,208500.0,225200.0,102.639,101.9408,102.4375,151169.0,150937.0,150838.0,3.0,3.0,3.0,14.0,16.0,14.0,94.0,88.0,94.0,3.633333333333333,0.057735026918689106,3.6666666666666665,0.08164965809298401,214900.0,9007.21932673949,214125.0,6445.909555684937,102.33909999999999,0.35935042785665117,102.42649999999999,0.3185620441937775,150981.33333333334,169.89506565320622,150741.33333333334,305.7951383979446,3.0,0.0,3.0,0.0,14.666666666666666,1.1547005383791502,14.0,1.0954451150102493,92.0,3.4641016151377855,82.16666666666667,12.812754062521714,0.011990407673860837,0.0068490731875754385,0.0015370651331350071,0.0,-0.125,0.06818181818181812,False,False,False,False,False,False,False,True,False,False,False
2019-10-31,3.6,3.5,3.6,3.7,209500.0,211000.0,208500.0,102.2917,102.639,101.9408,151365.0,151169.0,150937.0,3.0,3.0,3.0,13.0,14.0,16.0,88.0,94.0,88.0,3.5999999999999996,0.09999999999984197,3.616666666666667,0.0752772652711449,209666.66666666666,1258.3057392075752,213741.66666666666,6676.1078980748325,102.2905,0.3491015468323773,102.32916666666665,0.23106562415808987,151157.0,214.25218785340996,150919.66666666666,305.44503051755134,3.0,0.0,3.0,0.0,14.333333333333334,1.527525231651869,14.0,1.0954451150102493,90.0,3.4641016151377855,86.16666666666667,9.261029460414573,-0.007109004739336511,-0.003383704050117342,0.0012965621258327342,0.0,-0.0714285714285714,-0.06382978723404253,False,False,False,False,False,False,False,False,True,False,False
2019-11-30,3.6,3.6,3.5,3.6,212250.0,209500.0,211000.0,101.4281,102.2917,102.639,151460.0,151365.0,151169.0,3.0,3.0,3.0,13.0,13.0,14.0,87.0,88.0,94.0,3.5666666666666664,0.05773502691868834,3.6,0.06324555320365234,210916.66666666666,1376.892636817679,214158.33333333334,6451.388739390695,102.11959999999999,0.6235250676602822,102.18818333333333,0.43739606498863454,151331.33333333334,148.39249756407926,151064.5,323.9016826156421,3.0,0.0,3.0,0.0,13.333333333333334,0.5773502691894135,13.833333333333334,1.1690451944499318,89.66666666666667,3.7859388972002117,89.16666666666667,4.02077936060493,0.013126491646778149,-0.00844252270712098,0.000627621973375625,0.0,0.0,-0.011363636363636354,False,False,False,False,False,False,False,False,False,True,False
2019-12-31,3.6,3.6,3.6,3.5,224400.0,212250.0,209500.0,101.9372,101.4281,102.2917,151667.0,151460.0,151365.0,3.0,3.0,3.0,14.0,13.0,13.0,84.0,87.0,88.0,3.5666666666666664,0.05773502691868834,3.6,0.06324555320365234,215383.33333333334,7928.797723067645,215141.66666666666,7593.972390438143,101.88566666666667,0.43410022268377124,102.11238333333334,0.43440859759853756,151497.33333333334,154.42258038675192,151239.33333333334,317.7437122398437,3.0,0.0,3.0,0.0,13.333333333333334,0.5773502691894135,14.0,1.0954451150102493,86.33333333333333,2.081665999466188,89.16666666666667,4.02077936060493,0.05724381625441688,0.005019319103877651,0.001366697477881873,0.0,0.07692307692307687,-0.03448275862068961,False,False,False,False,False,False,False,False,False,False,True
2020-01-31,3.6,3.6,3.6,3.6,236000.0,224400.0,212250.0,101.7003,101.9372,101.4281,151794.0,151667.0,151460.0,4.0,3.0,3.0,16.0,14.0,13.0,77.0,84.0,87.0,3.6,0.0,3.6,0.06324555320365234,224216.66666666666,11876.061356077726,216941.66666666666,10980.000758958824,101.68853333333334,0.25475388777034447,101.98951666666666,0.4282729663047926,151640.33333333334,168.5892444176104,151398.66666666666,315.9333263016124,3.3333333333333335,0.5773502691896223,3.1666666666666665,0.4082482904638651,14.333333333333334,1.527525231651869,14.333333333333334,1.3662601021278844,82.66666666666667,5.131601439446908,86.33333333333333,5.609515724790032,0.051693404634581164,-0.002323979862111192,0.0008373607970091346,0.33333333333333326,0.1428571428571428,-0.08333333333333337,False,False,False,False,False,False,False,False,False,False,False
2020-02-29,3.5,3.6,3.6,3.6,215500.0,236000.0,224400.0,101.0338,101.7003,101.9372,152031.0,151794.0,151667.0,4.0,4.0,3.0,18.0,16.0,14.0,98.0,77.0,84.0,3.6,0.0,3.5833333333333335,0.04082482904683192,225300.0,10279.59143156913,218108.33333333334,10251.361698171422,101.55709999999999,0.4684149549286181,101.83834999999999,0.5815499178925322,151830.66666666666,184.74937979138366,151581.0,311.86727946578094,3.6666666666666665,0.5773502691896233,3.3333333333333335,0.516397779494324,16.0,1.9999999999999436,14.666666666666666,1.9663841605003098,86.33333333333333,10.69267662156364,88.0,7.402702209328693,-0.08686440677966101,-0.006553569655153413,0.0015613265346456906,0.0,0.125,0.2727272727272727,True,False,False,False,False,False,False,False,False,False,False
2020-03-31,4.4,3.5,3.6,3.6,210200.0,215500.0,236000.0,101.3735,101.0338,101.7003,152293.0,152031.0,151794.0,3.0,4.0,4.0,15.0,18.0,16.0,84.0,98.0,77.0,3.5666666666666664,0.05773502691868834,3.5666666666666664,0.05163977794978816,220566.66666666666,13625.833307850302,217975.0,10366.85825118051,101.36919999999999,0.3332708058033127,101.62743333333333,0.44701937169147327,152039.33333333334,249.60435359444406,151768.33333333334,350.1266437563859,3.6666666666666665,0.5773502691896233,3.3333333333333335,0.516397779494324,16.333333333333332,1.5275252316518737,14.833333333333334,1.9407902170679123,86.33333333333333,10.69267662156364,86.33333333333333,6.889605697474031,-0.024593967517401394,0.003362241150981271,0.0017233327413488375,-0.25,-0.16666666666666663,-0.1428571428571429,False,True,False,False,False,False,False,False,False,False,False
2020-04-30,14.8,4.4,3.5,3.6,2335250.0,210200.0,215500.0,97.4078,101.3735,101.0338,150895.0,152293.0,152031.0,76.0,3.0,4.0,78.0,15.0,18.0,70.0,84.0,98.0,3.8333333333333335,0.4932882862315929,3.716666666666667,0.33714487489312367,920316.6666666666,1225371.0767899386,572266.6666666666,863734.1545097466,99.93836666666668,2.19810708641191,100.81345,1.6963356775711114,151739.66666666666,743.1401841734117,151690.0,485.0072164426177,27.666666666666668,41.86088070422472,15.5,29.642874354556103,37.0,35.53871128783372,25.666666666666668,25.695654626155505,84.0,14.000000000000012,83.33333333333333,9.458682078739443,10.109657469077069,-0.039119691043517424,-0.009179673392736398,24.333333333333332,4.2,-0.16666666666666663,False,False,True,False,False,False,False,False,False,False,False
2020-05-31,13.2,14.8,4.4,3.5,4663250.0,2335250.0,210200.0,84.5619,97.4078,101.3735,130426.0,150895.0,152293.0,100.0,76.0,3.0,100.0,78.0,15.0,55.0,70.0,84.0,7.566666666666666,6.2803927690339005,5.583333333333333,4.527434888175274,2402900.0,2227295.6623448087,1314100.0,1845796.083807743,94.44773333333335,8.788001458997082,98.00241666666666,6.7928109944018695,144538.0,12241.323825469204,148184.33333333334,8712.551444133165,59.666666666666664,50.520622851795224,31.666666666666668,44.29296407632556,64.33333333333333,44.11726797222753,40.166666666666664,38.48332972426719,69.66666666666667,14.502873278538074,78.0,14.601369798755188,0.9968954073439675,-0.13187752931490082,-0.1356506179793896,0.3157894736842106,0.28205128205128216,-0.2142857142857143,False,False,False,True,False,False,False,False,False,False,False
2020-06-30,11.0,13.2,14.8,4.4,2173400.0,4663250.0,2335250.0,85.9604,84.5619,97.4078,133040.0,130426.0,150895.0,48.0,100.0,76.0,65.0,100.0,78.0,72.0,55.0,70.0,10.799999999999999,5.599999999999997,7.183333333333334,5.31428891448956,3057300.0,1393145.8672730576,1638933.3333333333,1786206.3793600858,89.31003333333332,7.047646366222921,95.33961666666666,7.971148330175926,138120.33333333334,11140.12254570538,145079.83333333334,10382.072113343555,74.66666666666667,26.02562839459085,39.166666666666664,42.22992619774117,81.0,17.69180601295413,48.666666666666664,37.1573231902766,65.66666666666667,9.291573243177593,76.0,14.436065946094875,-0.53393019889562,0.016538180906531252,0.020042016162421517,-0.52,-0.35,0.3090909090909091,False,False,False,False,True,False,False,False,False,False,False
2020-07-31,10.2,11.0,13.2,14.8,1490250.0,2173400.0,4663250.0,91.5934,85.9604,84.5619,137671.0,133040.0,130426.0,33.0,48.0,100.0,63.0,65.0,100.0,89.0,72.0,55.0,13.0,1.9078784028338822,8.416666666666666,5.173167952683016,2775633.3333333335,1670028.7395231656,1847975.0,1657972.2816591356,87.3719,3.7221965625154825,93.65513333333332,7.4060376822337455,133712.33333333334,3668.995820838913,142726.0,10153.863264787371,60.333333333333336,35.16153201061258,44.0,38.930707674020006,76.0,20.808652046684813,56.5,33.68530837026731,72.0,17.00000000000001,78.0,15.401298646542768,-0.31432318027054384,0.06553017435935615,0.034809079975947066,-0.3125,-0.03076923076923077,0.23611111111111116,False,False,False,False,False,True,False,False,False,False,False
2020-08-31,8.4,10.2,11.0,13.2,1383500.0,1490250.0,2173400.0,95.0256,91.5934,85.9604,139255.0,137671.0,133040.0,28.0,33.0,48.0,54.0,63.0,65.0,85.0,89.0,72.0,11.466666666666663,1.5534906930307943,9.516666666666666,4.615806177328785,1682383.3333333333,428569.6160874379,2042641.6666666667,1487800.5354941457,90.8598,4.576908288353808,92.65376666666667,6.567556876850479,136655.33333333334,3229.5882606507853,140596.66666666666,9096.86923433905,36.333333333333336,10.408329997330675,48.0,35.03712316957544,60.666666666666664,5.859465277082315,62.5,28.21878806752694,82.0,8.888194417315612,75.83333333333333,12.70301801410463,-0.07163227646368064,0.03747213227153923,0.011505691104154003,-0.1515151515151515,-0.1428571428571429,-0.0449438202247191,False,False,False,False,False,False,True,False,False,False,False
2020-09-30,7.8,8.4,10.2,11.0,922400.0,1383500.0,1490250.0,95.9549,95.0256,91.5934,140821.0,139255.0,137671.0,18.0,28.0,33.0,38.0,54.0,63.0,87.0,85.0,89.0,9.866666666666667,1.3316656236958666,10.333333333333334,3.676229952909169,1265383.3333333333,301789.77092229965,2161341.6666666665,1332689.983235661,94.1913,2.297327344981909,91.75066666666665,5.396928957718995,139249.0,1575.0085714052498,138684.66666666666,7142.503725351752,26.333333333333332,7.637626158259754,50.5,31.54520565791258,51.666666666666664,12.662279942148384,66.33333333333333,21.15340792086862,87.0,2.0000000000000995,76.33333333333333,13.140268896284688,-0.3332851463679075,0.009779469953359987,0.011245556712505822,-0.3571428571428571,-0.2962962962962963,0.0235294117647058,False,False,False,False,False,False,False,True,False,False,False
2020-10-31,6.9,7.8,8.4,10.2,851750.0,922400.0,1383500.0,95.9669,95.9549,95.0256,141770.0,140821.0,139255.0,14.0,18.0,28.0,30.0,38.0,54.0,85.0,87.0,85.0,8.799999999999999,1.2489995996796677,10.9,2.71514272184721,1052550.0,288779.8166423701,1914091.6666666667,1428166.9235130278,95.64913333333332,0.540029039344104,91.51051666666666,5.1197977442146865,140615.33333333334,1270.051311299402,137163.83333333334,4508.353021521615,20.0,7.211102550928004,40.166666666666664,31.675963547564997,40.666666666666664,12.22020185321557,58.333333333333336,24.646838877768218,85.66666666666667,1.1547005383794249,78.83333333333333,13.121229617176388,-0.07659366869037298,0.000125058751559326,0.006739051703936294,-0.2222222222222222,-0.21052631578947367,-0.02298850574712641,False,False,False,False,False,False,False,False,True,False,False
2020-11-30,6.7,6.9,7.8,8.4,795400.0,851750.0,922400.0,96.7394,95.9669,95.9549,142460.0,141770.0,140821.0,12.0,14.0,18.0,26.0,30.0,38.0,89.0,85.0,87.0,7.699999999999999,0.7549834435270577,9.583333333333334,2.3344521127379254,856516.6666666666,63634.03832332461,1269450.0,528871.6366000355,96.2204,0.4495072301994372,93.5401,4.13290070047654,141683.66666666666,822.9035990523594,139169.5,3468.1702812862627,14.666666666666666,3.0550504633039655,25.5,13.707662090962106,31.333333333333332,6.110100926607777,46.0,16.935170504013232,87.0,2.0000000000000995,84.5,6.379655163094649,-0.06615791018491346,0.008049650452395696,0.004867038160400572,-0.1428571428571429,-0.1333333333333333,0.04705882352941182,False,False,False,False,False,False,False,False,False,True,False
2020-12-31,6.7,6.7,6.9,7.8,751250.0,795400.0,851750.0,97.0816,96.7394,95.9669,142733.0,142460.0,141770.0,11.0,12.0,14.0,22.0,26.0,30.0,79.0,89.0,85.0,7.133333333333333,0.5859465277082104,8.5,1.757270610919079,799466.6666666666,50373.26506525435,1032425.0,320264.4450294163,96.59596666666665,0.5710243981958033,95.39363333333334,1.9940509649120055,142321.0,496.3194535780348,140785.0,1980.3911734801059,12.333333333333334,1.5275252316521013,19.333333333333332,9.114091653404975,26.0,3.999999999999984,38.833333333333336,16.37579514608882,84.33333333333333,5.033222956847204,85.66666666666667,3.723797345005081,-0.05550666331405585,0.0035373384577535028,0.0019163273901445788,-0.08333333333333337,-0.15384615384615385,-0.1123595505617978,False,False,False,False,False,False,False,False,False,False,True
2021-01-31,6.4,6.7,6.7,6.9,836750.0,751250.0,795400.0,98.363,97.0816,96.7394,142548.0,142733.0,142460.0,14.0,11.0,12.0,24.0,22.0,26.0,82.0,79.0,89.0,6.766666666666666,0.11547005383782562,7.783333333333334,1.3673575489485514,794466.6666666666,42757.640642748025,923508.3333333334,232531.50628821607,97.39466666666665,0.8558780832191205,96.5219,1.1505344184334692,142580.33333333334,139.34250368546074,141597.83333333334,1345.862610620017,12.333333333333334,1.5275252316521013,16.166666666666668,6.274286147974621,24.0,1.999999999999968,32.333333333333336,12.02774570177911,83.33333333333333,5.1316014394469205,84.5,3.563705936241124,0.113810316139767,0.01319920561671828,-0.0012961263337840645,0.2727272727272727,0.09090909090909083,0.03797468354430378,False,False,False,False,False,False,False,False,False,False,False
2021-02-28,6.2,6.4,6.7,6.7,827800.0,836750.0,751250.0,98.8822,98.363,97.0816,142863.0,142548.0,142733.0,18.0,14.0,11.0,30.0,24.0,22.0,90.0,82.0,79.0,6.6000000000000005,0.1732050807568238,7.1499999999999995,0.7765307463326444,805266.6666666666,46993.35945997447,830891.6666666666,57367.54671995895,98.10893333333333,0.9267968997222705,97.16466666666668,1.2224447401280785,142714.66666666666,158.2982417253358,142199.16666666666,774.454496187616,14.333333333333334,3.51188458428431,14.5,2.9495762407504422,25.333333333333332,4.16333199893225,28.333333333333332,5.7154760664939985,83.66666666666667,5.686240703077356,85.33333333333333,4.226897995772654,-0.010696145802210899,0.005278407531287055,0.0022097819681792252,0.2857142857142858,0.25,0.09756097560975618,True,False,False,False,False,False,False,False,False,False,False
2021-03-31,6.1,6.2,6.4,6.7,755000.0,827800.0,836750.0,95.6149,98.8822,98.363,143380.0,142863.0,142548.0,13.0,18.0,14.0,30.0,30.0,24.0,85.0,90.0,82.0,6.433333333333333,0.25166114784231636,6.783333333333334,0.556477013601286,806516.6666666666,44838.608735490125,802991.6666666666,42826.36357043021,97.62003333333332,1.7557938157240436,97.108,1.2954404949669156,142930.33333333334,420.06705813873265,142625.66666666666,529.6242693319742,15.0,2.6457513110646738,13.666666666666666,2.42212028327789,28.0,3.464101615137737,27.0,3.521363372331656,85.66666666666667,4.04145188432742,85.0,4.147288270665571,-0.08794394781348147,-0.033042347358776314,0.003618851627083197,-0.2777777777777778,0.0,-0.05555555555555558,False,True,False,False,False,False,False,False,False,False,False
2021-04-30,6.1,6.1,6.2,6.4,669250.0,755000.0,827800.0,98.3856,95.6149,98.8822,144232.0,143380.0,142863.0,13.0,13.0,18.0,25.0,30.0,30.0,72.0,85.0,90.0,6.233333333333333,0.15275252316512905,6.5,0.31622776601674846,750683.3333333334,79363.09490773655,772575.0,61852.89605184227,97.62756666666667,1.7606172847427113,97.51111666666667,1.2446657903496978,143491.66666666666,691.297572202689,143036.0,669.3892738899866,14.666666666666666,2.8867513459482055,13.5,2.4289915602981202,28.333333333333332,2.886751345948107,26.166666666666668,3.250640962435809,82.33333333333333,9.291573243177584,82.83333333333333,6.735478206235022,-0.1135761589403973,0.028977701174189185,0.005942251360022244,0.0,-0.16666666666666663,-0.15294117647058825,False,False,True,False,False,False,False,False,False,False,False
2021-05-31,5.8,6.1,6.1,6.2,589000.0,669250.0,755000.0,98.5587,98.3856,95.6149,144587.0,144232.0,143380.0,11.0,13.0,13.0,22.0,25.0,30.0,73.0,72.0,85.0,6.133333333333333,0.05773502691879259,6.366666666666667,0.2804757862394042,671083.3333333334,83015.1843540351,738175.0,95086.84845971079,97.51973333333335,1.6519029703147827,97.81433333333332,1.2406616616414279,144066.33333333334,620.319541311841,143390.5,843.8262261859007,12.333333333333334,1.1547005383794577,13.333333333333334,2.5819888974715135,25.666666666666668,4.041451884327365,25.5,3.6742346141746176,76.66666666666667,7.234178138070252,80.16666666666667,6.968978882638904,-0.11991034740381024,0.0017594038151924618,0.0024613123301346906,-0.15384615384615385,-0.12,0.01388888888888884,False,False,False,True,False,False,False,False,False,False,False
2021-06-30,5.9,5.8,6.1,6.1,469200.0,589000.0,669250.0,99.4333,98.5587,98.3856,145065.0,144587.0,144232.0,10.0,11.0,13.0,21.0,22.0,25.0,87.0,73.0,72.0,5.999999999999999,0.17320508075683227,6.216666666666666,0.30605010483026146,575816.6666666666,100674.47955333309,691166.6666666666,144309.00064329553,98.79253333333334,0.5616291866835397,98.20628333333333,1.3310606979649349,144628.0,418.0107654116033,143779.16666666666,1002.5454436912,11.333333333333334,1.5275252316521069,13.166666666666666,2.78687399547704,22.666666666666668,2.081665999466104,25.333333333333332,3.8815804341357607,77.33333333333333,8.386497083606102,81.5,7.44983221287569,-0.20339558573853989,0.008873899513690775,0.0033059680330873586,-0.09090909090909094,-0.045454545454545414,0.19178082191780832,False,False,False,False,True,False,False,False,False,False,False
2021-07-31,5.4,5.9,5.8,6.1,409500.0,469200.0,589000.0,99.7987,99.4333,98.5587,145820.0,145065.0,144587.0,7.0,10.0,11.0,21.0,21.0,22.0,94.0,87.0,73.0,5.933333333333333,0.1527525231651324,6.083333333333333,0.21369760566420873,489233.3333333333,91411.50547570325,619958.3333333334,162384.28623689752,99.26356666666668,0.6371868276532404,98.44556666666666,1.4850120910844178,145157.33333333334,621.6641644274848,144324.5,1085.3926017803649,9.333333333333334,2.0816659994662565,12.0,3.687817782917084,21.333333333333332,0.5773502691895239,24.833333333333332,4.262237284181341,84.66666666666667,10.692676621563642,83.5,9.04986187739903,-0.1272378516624041,0.003674825234604384,0.005204563471547186,-0.30000000000000004,0.0,0.08045977011494254,False,False,False,False,False,True,False,False,False,False,False
2021-08-31,5.1,5.4,5.9,5.8,370000.0,409500.0,469200.0,100.2519,99.7987,99.4333,146762.0,145820.0,145065.0,7.0,7.0,10.0,17.0,21.0,21.0,92.0,94.0,87.0,5.699999999999999,0.26457513110642433,5.916666666666667,0.29268868558011846,416233.3333333333,49941.59922684253,543658.3333333334,152442.8759131324,99.82796666666667,0.4100840076554889,98.67385,1.6604707955878864,145882.33333333334,850.2154628876802,144974.33333333334,1196.838279245154,8.0,1.7320508075690315,10.166666666666666,2.714160398109537,19.666666666666668,2.309401076758478,22.666666666666668,4.412104562073004,91.0,3.605551275464027,83.83333333333333,9.36838655621484,-0.09645909645909645,0.004541141317472075,0.006460019201755651,0.0,-0.19047619047619047,-0.021276595744680882,False,False,False,False,False,False,True,False,False,False,False
2021-09-30,4.7,5.1,5.4,5.9,359750.0,370000.0,409500.0,100.0437,100.2519,99.7987,147314.0,146762.0,145820.0,7.0,7.0,7.0,15.0,17.0,21.0,96.0,92.0,94.0,5.466666666666666,0.40414518843271663,5.733333333333333,0.4033195589933863,379750.0,26269.040713380513,477783.3333333333,125947.6346211658,100.03143333333333,0.2268488777463544,99.41198333333334,0.7792413398087822,146632.0,755.4362977776307,145630.0,1225.9574217729275,7.0,0.0,9.166666666666666,2.562550812504233,17.666666666666668,3.0550504633038753,20.166666666666668,3.6009258068815124,94.0,2.0000000000000675,85.66666666666667,10.633281086601018,-0.027702702702702697,-0.002076768619846625,0.0037611915891033743,0.0,-0.11764705882352944,0.04347826086956519,False,False,False,False,False,False,False,True,False,False,False
2021-10-31,4.5,4.7,5.1,5.4,354750.0,359750.0,370000.0,98.8579,100.0437,100.2519,147771.0,147314.0,146762.0,5.0,7.0,7.0,12.0,15.0,17.0,89.0,96.0,92.0,5.066666666666666,0.35118845842840163,5.5,0.5329165037789273,361500.0,7774.155902813625,425366.6666666667,90891.9230001582,99.71783333333333,0.7519646356942533,99.4907,0.6711859712481494,147282.33333333334,505.2448251425272,146219.83333333334,1269.4026022767669,6.333333333333333,1.1547005383794944,7.833333333333333,2.228601953392774,14.666666666666666,2.5166114784235614,18.0,3.9999999999998095,92.33333333333333,3.511884584284283,88.5,8.264381404557767,-0.013898540653231373,-0.011852820317521218,0.0031022170330043952,-0.2857142857142857,-0.19999999999999996,-0.07291666666666663,False,False,False,False,False,False,False,False,True,False,False
2021-11-30,4.1,4.5,4.7,5.1,284400.0,354750.0,359750.0,100.1861,98.8579,100.0437,148572.0,147771.0,147314.0,4.0,5.0,7.0,9.0,12.0,15.0,90.0,89.0,96.0,4.766666666666666,0.3055050463303649,5.233333333333333,0.5715476066493718,332966.6666666667,42134.20028118011,374600.0,61544.96730034091,99.6959,0.7292135763968285,99.76193333333333,0.5340421469013524,147885.66666666666,636.7906511038805,146884.0,1286.6043680948062,5.333333333333333,1.527525231652135,6.666666666666667,2.065591117977145,12.0,2.999999999999982,15.833333333333334,4.833908011812493,91.66666666666667,3.7859388972002175,91.33333333333333,3.3266599866332767,-0.19830866807610992,0.013435446231408799,0.005420549363542193,-0.19999999999999996,-0.25,0.011235955056179803,False,False,False,False,False,False,False,False,False,True,False
2021-12-31,3.9,4.1,4.5,4.7,236500.0,284400.0,354750.0,100.8654,100.1861,98.8579,149230.0,148572.0,147771.0,4.0,4.0,5.0,8.0,9.0,12.0,85.0,90.0,89.0,4.433333333333333,0.3055050463303687,4.95,0.6503845016603343,291883.3333333333,59479.12098656651,335816.6666666667,63303.2121354573,99.9698,1.0210794924987174,100.00061666666666,0.6623934613709731,148524.33333333334,730.6670468368633,147578.16666666666,1231.300518422534,4.333333333333333,0.5773502691901367,5.666666666666667,1.5055453054179597,9.666666666666666,2.081665999466106,13.666666666666666,4.9665548085836,88.0,2.6457513110646436,91.0,3.8987177379236146,-0.16842475386779188,0.00678038170963835,0.004428829119887956,0.0,-0.11111111111111116,-0.05555555555555558,False,False,False,False,False,False,False,False,False,False,True
2022-01-31,4.0,3.9,4.1,4.5,216250.0,236500.0,284400.0,100.5726,100.8654,100.1861,149816.0,149230.0,148572.0,4.0,4.0,4.0,8.0,8.0,9.0,74.0,85.0,90.0,4.166666666666666,0.3055050463303708,4.616666666666666,0.5741660619251469,245716.66666666666,34997.368948745825,303608.3333333333,67348.61109679038,100.54136666666666,0.34072534882916744,100.1296,0.6899854897027613,149206.0,622.3471699943402,148244.16666666666,1169.2661658783647,4.0,0.0,5.166666666666667,1.4719601443877652,8.333333333333334,0.577350269189529,11.5,3.834057902535914,83.0,8.185352771872468,87.66666666666667,7.607014306984491,-0.08562367864693443,-0.002902878489551397,0.0039268243650740775,0.0,0.0,-0.12941176470588234,False,False,False,False,False,False,False,False,False,False,False
2022-02-28,3.9,4.0,3.9,4.1,239200.0,216250.0,236500.0,100.1856,100.5726,100.8654,150006.0,149816.0,149230.0,5.0,4.0,4.0,11.0,8.0,8.0,87.0,74.0,85.0,3.9999999999999996,0.09999999999994627,4.383333333333333,0.4665476038590634,230650.0,12543.623878342034,281808.3333333333,62559.27922112531,100.54119999999999,0.3409860407720936,100.11855000000001,0.6881636396965172,149684.0,404.48980209637443,148784.83333333334,1094.4617703091035,4.333333333333333,0.5773502691901367,4.833333333333333,1.1690451944497464,9.0,1.7320508075688452,10.5,2.7386127875254718,82.0,7.00000000000002,86.83333333333333,7.3052492542463385,0.1061271676300577,-0.003847966543571557,0.0012682223527527015,0.25,0.375,0.17567567567567566,True,False,False,False,False,False,False,False,False,False,False
2022-03-31,3.7,3.9,4.0,3.9,219000.0,239200.0,216250.0,100.8064,100.1856,100.5726,150825.0,150006.0,149816.0,4.0,5.0,4.0,10.0,11.0,8.0,80.0,87.0,74.0,3.9333333333333322,0.05773502691887162,4.183333333333334,0.3371448748930281,224816.66666666666,12531.992392857908,258350.0,53172.43646853189,100.52153333333332,0.3135347083414581,100.24566666666665,0.7400579968266225,150215.66666666666,536.1812504492319,149370.0,1089.3706439966822,4.333333333333333,0.5773502691901367,4.333333333333333,0.5163977794937135,9.666666666666666,1.5275252316519103,9.666666666666666,1.6329931618548346,80.33333333333333,6.506407098647733,84.16666666666667,6.112828041640509,-0.08444816053511706,0.006196499297304259,0.005459781608735614,-0.19999999999999996,-0.09090909090909094,-0.08045977011494254,False,True,False,False,False,False,False,False,False,False,False
2022-04-30,3.7,3.7,3.9,4.0,215000.0,219000.0,239200.0,101.3907,100.8064,100.1856,151315.0,150825.0,150006.0,3.0,4.0,5.0,9.0,10.0,11.0,86.0,80.0,87.0,3.866666666666666,0.15275252316516105,4.016666666666667,0.27141603981090906,224400.0,12972.278134595912,235058.33333333334,26335.497273959572,100.79423333333334,0.6026421187858861,100.6678,0.45922867941842954,150715.33333333334,661.3549223626452,149960.66666666666,1006.6323393715824,4.0,1.000000000000297,4.0,0.6324555320331746,10.0,0.9999999999999447,9.166666666666666,1.1690451944491365,84.33333333333333,3.7859388972002233,83.66666666666667,5.750362307426073,-0.0182648401826484,0.005796258967684542,0.0032487982761477685,-0.25,-0.09999999999999998,0.07499999999999996,False,False,True,False,False,False,False,False,False,False,False
2022-05-31,3.6,3.7,3.7,3.9,213000.0,215000.0,219000.0,101.44,101.3907,100.8064,151623.0,151315.0,150825.0,3.0,3.0,4.0,8.0,9.0,10.0,78.0,86.0,80.0,3.7666666666666657,0.11547005383788238,3.8833333333333333,0.160208197875883,215666.66666666666,3055.0504635197954,223158.33333333334,11576.718734889206,101.21236666666668,0.3524405245352927,100.87678333333332,0.48097165162520056,151254.33333333334,402.4441990304899,150469.16666666666,932.7450705680362,3.3333333333333335,0.5773502691901483,3.8333333333333335,0.7527726527086581,9.0,0.9999999999999447,9.0,1.2649110640665384,81.33333333333333,4.1633319989323,81.66666666666667,5.1639777949431975,-0.009302325581395321,0.000486237889668395,0.00203548888081162,0.0,-0.11111111111111116,-0.09302325581395354,False,False,False,True,False,False,False,False,False,False,False
2022-06-30,3.6,3.6,3.7,3.7,209750.0,213000.0,215000.0,101.3335,101.44,101.3907,151924.0,151623.0,151315.0,3.0,3.0,3.0,8.0,8.0,9.0,88.0,78.0,86.0,3.666666666666666,0.057735026918880404,3.8000000000000003,0.15491933384820677,212583.33333333334,2649.6855161799817,218700.0,10513.087082302187,101.38806666666666,0.05329881175695045,100.95479999999999,0.5154822169584625,151620.66666666666,304.50670490695546,150918.16666666666,862.7243862724662,3.0,0.0,3.6666666666666665,0.8164965809273346,8.333333333333334,0.5773502691895301,9.0,1.2649110640665384,84.0,5.291502622129209,82.16666666666667,5.671566509057832,-0.015258215962441368,-0.0010498817034699792,0.001985186943933348,0.0,0.0,0.1282051282051282,False,False,False,False,True,False,False,False,False,False,False
2022-07-31,3.5,3.6,3.6,3.7,212500.0,209750.0,213000.0,101.018,101.3335,101.44,152358.0,151924.0,151623.0,3.0,3.0,3.0,9.0,8.0,8.0,95.0,88.0,78.0,3.633333333333333,0.057735026918881334,3.7500000000000004,0.16431676725146635,211750.0,1750.0000003774394,218075.0,10795.543061841272,101.26383333333332,0.21945633582720794,101.02903333333332,0.4803047893443095,151968.33333333334,369.5001127649233,151341.83333333334,837.0011748315667,3.0,0.0,3.5,0.8366600265336921,8.333333333333334,0.5773502691895301,9.166666666666666,1.1690451944491362,87.0,8.544003745317548,85.66666666666667,6.088240030309798,0.013110846245530494,-0.0031134817212471466,0.0028566915036465357,0.0,0.125,0.07954545454545459,False,False,False,False,False,True,False,False,False,False,False
2022-08-31,3.6,3.5,3.6,3.6,218200.0,212500.0,209750.0,101.223,101.018,101.3335,153072.0,152358.0,151924.0,4.0,3.0,3.0,10.0,9.0,8.0,89.0,95.0,88.0,3.5666666666666664,0.05773502691888332,3.6666666666666665,0.1366260102126968,213483.33333333334,4309.9690642339365,214575.0,3548.7673916544572,101.1915,0.16009138015949653,101.20193333333333,0.24508785091695645,152451.33333333334,579.6631205564867,151852.83333333334,793.1147247843111,3.3333333333333335,0.5773502691901483,3.3333333333333335,0.5163977794936986,9.0,0.9999999999999447,9.0,0.8944271909987658,90.66666666666667,3.7859388972002206,86.0,6.2289646009589745,0.02682352941176469,0.002029341305509913,0.004686330878588496,0.33333333333333326,0.11111111111111116,-0.06315789473684208,False,False,False,False,False,False,True,False,False,False,False
2022-09-30,3.5,3.6,3.5,3.6,216500.0,218200.0,212500.0,101.0963,101.223,101.018,153362.0,153072.0,152358.0,3.0,4.0,3.0,9.0,10.0,9.0,91.0,89.0,95.0,3.5666666666666664,0.05773502691888332,3.6166666666666667,0.07527726527073325,215733.33333333334,2926.317367383878,214158.33333333334,3034.8668285011677,101.11243333333333,0.10344787738135,101.25025,0.1679553839578496,152930.66666666666,516.70623504394,152275.66666666666,811.6118941156034,3.3333333333333335,0.5773502691901483,3.1666666666666665,0.4082482904630711,9.333333333333334,0.5773502691895301,8.833333333333334,0.7527726527077083,91.66666666666667,3.0550504633039397,87.83333333333333,5.706721183540221,-0.007791017415215373,-0.0012516918091738383,0.001894533291523004,-0.25,-0.09999999999999998,0.022471910112359605,False,False,False,False,False,False,False,True,False,False,False
2022-10-31,3.6,3.5,3.6,3.5,197500.0,216500.0,218200.0,101.2918,101.0963,101.223,153582.0,153362.0,153072.0,3.0,3.0,4.0,7.0,9.0,10.0,80.0,91.0,89.0,3.5333333333333328,0.05773502691888425,3.5833333333333335,0.07527726527073503,210733.33333333334,11491.881192157132,211241.66666666666,7372.951692961066,101.20370000000001,0.09916869466404382,101.23376666666667,0.15583006984242181,153338.66666666666,255.79940057257608,152653.5,802.5767876056706,3.3333333333333335,0.5773502691901483,3.1666666666666665,0.4082482904630711,8.666666666666666,1.5275252316519103,8.5,1.0488088481691575,86.66666666666667,5.859465277082343,86.83333333333333,6.554896388705674,-0.08775981524249421,0.0019337997533044327,0.0014345144168699253,0.0,-0.2222222222222222,-0.1208791208791209,False,False,False,False,False,False,False,False,True,False,False
2022-11-30,3.6,3.6,3.5,3.6,202600.0,197500.0,216500.0,101.2529,101.2918,101.0963,153939.0,153582.0,153362.0,3.0,3.0,3.0,8.0,7.0,9.0,75.0,80.0,91.0,3.5666666666666664,0.05773502691888332,3.566666666666667,0.05163977794918112,205533.33333333334,9833.785300414957,209508.33333333334,8066.747589130197,101.21366666666665,0.10348673023486187,101.20258333333334,0.12117305668791359,153627.66666666666,291.1980998105816,153039.5,763.8391846479408,3.0,0.0,3.1666666666666665,0.4082482904630711,8.0,0.9999999999999437,8.5,1.0488088481691575,82.0,8.18535277187247,86.33333333333333,7.420691791650337,0.025822784810126675,-0.0003840389843995373,0.002324491151306729,0.0,0.1428571428571428,-0.0625,False,False,False,False,False,False,False,False,False,True,False
2022-12-31,3.5,3.6,3.6,3.5,210750.0,202600.0,197500.0,100.9552,101.2529,101.2918,154242.0,153939.0,153582.0,3.0,3.0,3.0,8.0,8.0,7.0,71.0,75.0,80.0,3.5666666666666664,0.05773502691888332,3.5666666666666664,0.05163977794918112,203616.66666666666,6683.250207395958,209675.0,8083.053259757179,101.16663333333334,0.18413675172193059,101.13953333333335,0.1368371830574134,153921.0,330.3679766562765,153425.83333333334,666.8428350597273,3.0,0.0,3.1666666666666665,0.4082482904630711,7.666666666666667,0.5773502691895275,8.5,1.0488088481691575,75.33333333333333,4.509249752822929,83.5,9.586448768965493,0.040227048371174634,-0.0029401627015126497,0.0019683121236333534,0.0,0.0,-0.053333333333333344,False,False,False,False,False,False,False,False,False,False,True
2023-01-31,3.5,3.5,3.6,3.6,208200.0,210750.0,202600.0,99.7664,100.9552,101.2529,154342.0,154242.0,153939.0,3.0,3.0,3.0,9.0,8.0,8.0,69.0,71.0,75.0,3.5666666666666664,0.05773502691888332,3.5499999999999994,0.054772255750281086,207183.33333333334,4169.032661740179,208958.33333333334,7972.353270317239,100.65816666666666,0.7865063021583046,100.93093333333333,0.5836545405178222,154174.33333333334,209.84835794757643,153756.5,503.27874980373116,3.0,0.0,3.1666666666666665,0.4082482904630711,8.333333333333334,0.5773502691895297,8.5,1.0488088481691575,71.66666666666667,3.0550504633039433,79.16666666666667,9.217736526212208,-0.012099644128113929,-0.011775520230755787,0.0006483318421701689,0.0,0.125,-0.028169014084507005,False,False,False,False,False,False,False,False,False,False,False
2023-02-28,3.6,3.5,3.5,3.6,204500.0,208200.0,210750.0,100.505,99.7664,100.9552,154776.0,154342.0,154242.0,4.0,3.0,3.0,10.0,9.0,8.0,90.0,69.0,71.0,3.5333333333333328,0.05773502691888425,3.5499999999999994,0.054772255750281086,207816.66666666666,3142.583862788093,206675.0,6647.9884175645075,100.40886666666667,0.6002021104051114,100.81126666666667,0.585398789430814,154453.33333333334,283.87555959132885,154040.5,520.2598389306655,3.3333333333333335,0.5773502691901483,3.1666666666666665,0.4082482904630711,9.0,0.9999999999999459,8.5,1.0488088481691575,76.66666666666667,11.590225767142485,79.33333333333333,9.43751379689941,-0.01777137367915471,0.007403294095005952,0.002811937126640851,0.33333333333333326,0.11111111111111116,0.30434782608695654,True,False,False,False,False,False,False,False,False,False,False
2023-03-31,3.5,3.6,3.5,3.5,214750.0,204500.0,208200.0,100.6416,100.505,99.7664,155066.0,154776.0,154342.0,4.0,4.0,3.0,8.0,10.0,9.0,85.0,90.0,69.0,3.5333333333333328,0.05773502691888425,3.5500000000000003,0.054772255750281086,209150.0,5190.616533835094,206383.33333333334,6150.501334585543,100.30433333333333,0.47084402229905675,100.73548333333333,0.5703582748300039,154728.0,364.37892364948226,154324.5,540.5004162850578,3.6666666666666665,0.5773502691901442,3.3333333333333335,0.5163977794936984,9.0,0.9999999999999459,8.333333333333334,1.0327955589876305,81.33333333333333,10.9696551146029,78.33333333333333,8.18942407417437,0.05012224938875298,0.0013591363613749685,0.0018736755052461973,0.0,-0.19999999999999996,-0.05555555555555558,False,True,False,False,False,False,False,False,False,False,False
2023-04-30,3.4,3.5,3.6,3.5,229000.0,214750.0,204500.0,101.0205,100.6416,100.505,155134.0,155066.0,154776.0,3.0,4.0,4.0,8.0,8.0,10.0,83.0,85.0,90.0,3.5333333333333328,0.05773502691888425,3.5500000000000003,0.054772255750281086,216083.33333333334,12304.301415954193,211633.33333333334,9553.725276913572,100.72236666666667,0.2670720938898691,100.69026666666667,0.5265020025290081,154992.0,190.1262738286196,154583.16666666666,482.3353259622772,3.6666666666666665,0.5773502691901442,3.3333333333333335,0.5163977794936984,8.666666666666666,1.1547005383792037,8.5,0.8366600265328292,86.0,3.605551275464031,78.83333333333333,8.400396816024033,0.06635622817229336,0.003764844756045216,0.00043852295151736165,-0.25,0.0,-0.02352941176470591,False,False,True,False,False,False,False,False,False,False,False
2023-05-31,3.6,3.4,3.5,3.6,216400.0,229000.0,214750.0,101.253,101.0205,100.6416,155375.0,155134.0,155066.0,4.0,3.0,4.0,7.0,8.0,8.0,80.0,83.0,85.0,3.4999999999999996,0.09999999999995528,3.516666666666667,0.07527726527073855,220050.0,7794.709744520135,213933.33333333334,8552.757839827853,100.9717,0.30860746912761977,100.69028333333334,0.526523376182916,155191.66666666666,162.37097441750453,154822.5,454.2253845885406,3.6666666666666665,0.5773502691901442,3.5,0.54772255750458,7.666666666666667,0.5773502691895239,8.333333333333334,1.0327955589876305,82.66666666666667,2.5166114784236444,79.66666666666667,8.189424074174367,-0.055021834061135366,0.002301513059230542,0.0015534956875991046,0.33333333333333326,-0.125,-0.03614457831325302,False,False,False,True,False,False,False,False,False,False,False
2023-06-30,3.6,3.6,3.4,3.5,226000.0,216400.0,229000.0,100.9286,101.253,101.0205,155655.0,155375.0,155134.0,4.0,4.0,3.0,8.0,7.0,8.0,90.0,80.0,83.0,3.4999999999999996,0.09999999999995528,3.516666666666666,0.07527726527073855,223800.0,6581.793068861666,216475.0,9617.263124198565,101.06736666666666,0.16720108652360807,100.68585,0.5239523632930666,155388.0,260.7431686544395,155058.0,459.32951135839346,3.6666666666666665,0.5773502691901442,3.6666666666666665,0.5163977794937028,7.666666666666667,0.5773502691895239,8.333333333333334,1.0327955589876305,84.33333333333333,5.131601439446917,82.83333333333333,7.833687935236293,0.0443622920517559,-0.0032038556882264535,0.0018020917135961323,0.0,0.1428571428571428,0.125,False,False,False,False,True,False,False,False,False,False,False
2023-07-31,3.5,3.6,3.6,3.4,250750.0,226000.0,216400.0,100.1196,100.9286,101.253,155880.0,155655.0,155375.0,4.0,4.0,4.0,9.0,8.0,7.0,100.0,90.0,80.0,3.5333333333333328,0.1154700538378861,3.5333333333333337,0.08164965809261547,231050.0,17723.0781751171,223566.66666666666,15918.594996630027,100.76706666666666,0.5837111043441929,100.74471666666666,0.4067159815732097,155636.66666666666,252.99868247343224,155314.33333333334,405.8830701957759,4.0,0.0,3.8333333333333335,0.4082482904630824,8.0,0.9999999999999425,8.333333333333334,1.0327955589876305,90.0,10.000000000000018,88.0,7.071067811865468,0.10951327433628322,-0.008015567440745164,0.0014455044810639528,0.0,0.125,0.11111111111111116,False,False,False,False,False,True,False,False,False,False,False
2023-08-31,3.7,3.5,3.6,3.6,235200.0,250750.0,226000.0,100.9067,100.1196,100.9286,156043.0,155880.0,155655.0,4.0,4.0,4.0,9.0,9.0,8.0,91.0,100.0,90.0,3.566666666666666,0.057735026918883735,3.5333333333333337,0.08164965809261547,237316.66666666666,12510.029309903424,228683.33333333334,13279.482921662773,100.65163333333334,0.4608844793814784,100.81166666666667,0.3921658203707519,155859.33333333334,194.82385206461026,155525.5,399.3268085227881,4.0,0.0,3.8333333333333335,0.4082482904630824,8.666666666666666,0.5773502691895305,8.166666666666666,0.7527726527076839,93.66666666666667,5.507570547286134,88.16666666666667,7.1390942469382335,-0.06201395812562316,0.00786159752935478,0.0010456761611497,0.0,0.0,-0.08999999999999997,False,False,False,False,False,False,True,False,False,False,False
2023-09-30,3.7,3.7,3.5,3.6,245000.0,235200.0,250750.0,100.8393,100.9067,100.1196,156261.0,156043.0,155880.0,4.0,4.0,4.0,9.0,9.0,9.0,89.0,91.0,100.0,3.5999999999999996,0.09999999999995407,3.5500000000000003,0.10488088481689224,243650.0,7862.410571911541,233725.0,12659.45298976482,100.62186666666666,0.4362792034176511,100.84461666666668,0.3832223553853143,156061.33333333334,191.1604910364331,155724.66666666666,421.69309535700086,4.0,0.0,3.8333333333333335,0.4082482904630824,9.0,0.0,8.333333333333334,0.8164965809264431,93.33333333333333,5.859465277082343,88.83333333333333,6.9689788826388765,0.04166666666666674,-0.0006679437539827138,0.0013970508129168557,0.0,0.0,-0.02197802197802201,False,False,False,False,False,False,False,True,False,False,False
2023-10-31,3.9,3.7,3.7,3.5,218600.0,245000.0,235200.0,101.0211,100.8393,100.9067,156417.0,156261.0,156043.0,3.0,4.0,4.0,8.0,9.0,9.0,82.0,89.0,91.0,3.633333333333333,0.11547005383788506,3.5833333333333335,0.11690451944488983,232933.33333333334,13345.161420329268,231991.66666666666,14069.272073093638,100.92236666666668,0.09190698196925971,100.84471666666667,0.3832775047756761,156240.33333333334,187.8545536666269,155938.5,386.0610055486152,3.6666666666666665,0.5773502691901442,3.8333333333333335,0.4082482904630824,8.666666666666666,0.5773502691895305,8.333333333333334,0.8164965809264431,87.33333333333333,4.725815626252638,88.66666666666667,7.146094504459522,-0.10775510204081629,0.0018028685244741993,0.0009983297175879535,-0.25,-0.11111111111111116,-0.0786516853932584,False,False,False,False,False,False,False,False,True,False,False
2023-11-30,3.7,3.9,3.7,3.7,210250.0,218600.0,245000.0,100.4689,101.0211,100.8393,156576.0,156417.0,156261.0,3.0,3.0,4.0,8.0,8.0,9.0,79.0,82.0,89.0,3.766666666666666,0.11547005383788364,3.6666666666666674,0.13662601021269682,224616.66666666666,18139.48271959949,230966.66666666666,15575.739682812267,100.77643333333333,0.2814167253997492,100.71403333333335,0.3483051286832501,156418.0,157.50238093423488,156138.66666666666,344.5836134699017,3.3333333333333335,0.5773502691901483,3.6666666666666665,0.5163977794937028,8.333333333333334,0.5773502691895283,8.5,0.5477225575032612,83.33333333333333,5.131601439446909,88.5,7.3959448348402335,-0.03819762122598358,-0.005466184787138562,0.0010165135503175105,0.0,0.0,-0.03658536585365857,False,False,False,False,False,False,False,False,False,True,False
2023-12-31,3.8,3.7,3.9,3.7,218000.0,210250.0,218600.0,100.8639,100.4689,101.0211,156703.0,156576.0,156417.0,4.0,3.0,3.0,9.0,8.0,8.0,78.0,79.0,82.0,3.7666666666666657,0.11547005383788364,3.6833333333333336,0.1329160135824115,215616.66666666666,4657.341874358479,229633.33333333334,16406.208174551888,100.78463333333333,0.28450591089591953,100.70325000000001,0.34126406051676095,156565.33333333334,143.29805767450293,156313.33333333334,314.6990096458313,3.3333333333333335,0.5773502691901483,3.6666666666666665,0.5163977794937028,8.333333333333334,0.5773502691895283,8.666666666666666,0.5163977794923098,79.66666666666667,2.0816659994661895,86.5,8.455767262643874,0.03686087990487508,0.003931564892220241,0.0008111077048844617,0.33333333333333326,0.125,-0.012658227848101222,False,False,False,False,False,False,False,False,False,False,True
2024-01-31,3.7,3.8,3.7,3.9,207800.0,218000.0,210250.0,100.6031,100.8639,100.4689,156857.0,156703.0,156576.0,4.0,4.0,3.0,9.0,9.0,8.0,73.0,78.0,79.0,3.7999999999999994,0.09999999999995174,3.716666666666667,0.13291601358241045,212016.66666666666,5324.550059362263,222475.0,14622.918655318714,100.6453,0.2008528814864381,100.78383333333333,0.20626509803421614,156712.0,140.71602609493615,156476.16666666666,297.9546386149281,3.6666666666666665,0.5773502691901442,3.6666666666666665,0.5163977794937028,8.666666666666666,0.5773502691895305,8.666666666666666,0.5163977794923098,76.66666666666667,3.2145502536643584,82.0,6.870225614927047,-0.046788990825688104,-0.0025856624619908786,0.0009827508088549042,0.0,0.0,-0.0641025641025641,False,False,False,False,False,False,False,False,False,False,False
2024-02-29,3.9,3.7,3.8,3.7,211500.0,207800.0,218000.0,99.2223,100.6031,100.8639,157032.0,156857.0,156703.0,5.0,4.0,4.0,12.0,9.0,9.0,90.0,73.0,78.0,3.733333333333333,0.057735026918880106,3.75,0.08366600265324356,212433.33333333334,5163.65503637244,218525.0,13667.909496337357,100.22976666666666,0.8821825056839431,100.5031,0.6577460543404041,156864.0,164.6116642281183,156641.0,283.61311677277433,4.333333333333333,0.5773502691901359,3.8333333333333335,0.7527726527086576,10.0,1.732050807568848,9.166666666666666,1.4719601443872765,80.33333333333333,8.736894948054122,81.83333333333333,6.6156380392722784,0.0178055822906642,-0.013725223179007373,0.001115665861262105,0.25,0.33333333333333326,0.23287671232876717,True,False,False,False,False,False,False,False,False,False,False
2024-03-31,3.9,3.9,3.7,3.8,210000.0,211500.0,207800.0,100.285,99.2223,100.6031,157238.0,157032.0,156857.0,4.0,5.0,4.0,9.0,12.0,9.0,78.0,90.0,73.0,3.7999999999999994,0.09999999999995174,3.783333333333333,0.09831920802487654,209766.66666666666,1861.0033139830005,212691.66666666666,4508.7045441830505,100.03680000000001,0.723086848173507,100.41071666666666,0.6397622133785552,157042.33333333334,190.71007664327198,156803.83333333334,301.6961495815131,4.333333333333333,0.5773502691901359,3.8333333333333335,0.7527726527086576,10.0,1.732050807568848,9.166666666666666,1.4719601443872765,80.33333333333333,8.736894948054122,80.0,5.692099788303054,-0.007092198581560294,0.010710293956096573,0.0013118345305416224,-0.19999999999999996,-0.25,-0.1333333333333333,False,True,False,False,False,False,False,False,False,False,False
2024-04-30,3.9,3.9,3.9,3.7,215200.0,210000.0,211500.0,100.4575,100.285,99.2223,157466.0,157238.0,157032.0,4.0,4.0,5.0,7.0,9.0,12.0,71.0,78.0,90.0,3.8333333333333326,0.11547005383788303,3.816666666666667,0.09831920802487513,212233.33333333334,2676.4404223996,212125.0,3770.9083786364235,99.98826666666668,0.6689303127642211,100.31678333333333,0.5697645984676614,157245.33333333334,217.09291405589386,156978.66666666666,334.82154451646176,4.333333333333333,0.5773502691901359,4.0,0.6324555320331736,9.333333333333334,2.516611478423562,9.0,1.6733200530675345,79.66666666666667,9.60902353693307,78.16666666666667,6.615638039272274,0.024761904761904763,0.0017200977214937296,0.0014500311629503937,0.0,-0.2222222222222222,-0.08974358974358976,False,False,True,False,False,False,False,False,False,False,False
2024-05-31,3.9,3.9,3.9,3.9,210250.0,215200.0,210000.0,100.2434,100.4575,100.285,157530.0,157466.0,157238.0,4.0,4.0,4.0,8.0,7.0,9.0,78.0,71.0,78.0,3.9,0.0,3.8166666666666664,0.09831920802487513,211816.66666666666,2932.7177386606354,212125.0,3770.9083786364235,100.32863333333334,0.11352358052313198,100.2792,0.565142297125551,157411.33333333334,153.48398396340022,157137.66666666666,331.86422927525547,4.0,0.0,4.166666666666667,0.4082482904630875,8.0,0.99999999999994,9.0,1.6733200530675345,75.66666666666667,4.0414518843274285,78.0,6.603029607687644,-0.023001858736059533,-0.002131249533384838,0.00040643694511821593,0.0,0.1428571428571428,0.09859154929577474,False,False,False,True,False,False,False,False,False,False,False
2024-06-30,4.1,3.9,3.9,3.9,222000.0,210250.0,215200.0,100.863,100.2434,100.4575,157608.0,157530.0,157466.0,4.0,4.0,4.0,8.0,8.0,7.0,87.0,78.0,71.0,3.9,0.0,3.8499999999999996,0.08366600265323874,215816.66666666666,5899.22311280501,212791.66666666666,5127.028054022803,100.5213,0.3146885285507361,100.27905,0.5649561567062924,157534.66666666666,71.114930452589,157288.5,298.8121483572238,4.0,0.0,4.166666666666667,0.4082482904630875,7.666666666666667,0.5773502691895197,8.833333333333334,1.7224014243679069,78.66666666666667,8.020806277010665,79.5,7.556454194925004,0.05588585017835901,0.006180955554181189,0.0004951437821367755,0.0,0.0,0.11538461538461542,False,False,False,False,True,False,False,False,False,False,False
2024-07-31,4.2,4.1,3.9,3.9,234800.0,222000.0,210250.0,100.894,100.863,100.2434,157695.0,157608.0,157530.0,4.0,4.0,4.0,8.0,8.0,8.0,89.0,87.0,78.0,3.9666666666666663,0.11547005383788227,3.9,0.1264911064066219,222350.0,12278.741792273202,217291.66666666666,9688.984294895712,100.66680000000001,0.3670026157964026,100.32753333333334,0.6090859698491005,157611.0,82.5408989528448,157428.16666666666,248.37585766854664,4.0,0.0,4.166666666666667,0.4082482904630875,8.0,0.0,8.666666666666666,1.7511900715412325,84.66666666666667,5.859465277082343,82.16666666666667,7.626707459098352,0.057657657657657735,0.00030734759029571457,0.0005520024364245035,0.0,0.0,0.02298850574712641,False,False,False,False,False,True,False,False,False,False,False
2024-08-31,4.2,4.2,4.1,3.9,237250.0,234800.0,222000.0,99.9757,100.894,100.863,157748.0,157695.0,157608.0,4.0,4.0,4.0,10.0,8.0,8.0,93.0,89.0,87.0,4.0666666666666655,0.15275252316516238,3.983333333333333,0.1329160135824027,231350.0,8189.474952725143,221583.33333333334,12030.489045202392,100.57756666666667,0.5214622357704832,100.4531,0.3640254496602835,157683.66666666666,70.68474611454396,157547.5,183.49686647452705,4.0,0.0,4.0,0.0,8.666666666666666,1.1547005383792015,8.333333333333334,1.0327955589876299,89.66666666666667,3.05505046330394,82.66666666666667,8.31063575586528,0.01043441226575803,-0.009101631415148637,0.00033609182282257066,0.0,0.25,0.04494382022471921,False,False,False,False,False,False,True,False,False,False,False
2024-09-30,4.1,4.2,4.2,4.1,230600.0,237250.0,234800.0,100.4309,99.9757,100.894,157757.0,157748.0,157695.0,4.0,4.0,4.0,8.0,10.0,8.0,87.0,93.0,89.0,4.166666666666665,0.05773502691887792,4.033333333333334,0.15055453054171802,234216.66666666666,3363.158238121511,225016.66666666666,10955.029286438898,100.43353333333334,0.45915566351160597,100.47741666666667,0.3553195936998707,157733.33333333334,33.50124375717885,157634.0,119.63444322604865,4.0,0.0,4.0,0.0,8.666666666666666,1.1547005383792015,8.166666666666666,0.9831920802491049,89.66666666666667,3.05505046330394,84.16666666666667,8.109665015687545,-0.028029504741833522,0.004553106404856289,5.705302127445577e-05,0.0,-0.19999999999999996,-0.06451612903225812,False,False,False,False,False,False,False,True,False,False,False
2024-10-31,4.1,4.1,4.2,4.2,224500.0,230600.0,237250.0,99.8084,100.4309,99.9757,157912.0,157757.0,157748.0,4.0,4.0,4.0,7.0,8.0,10.0,84.0,87.0,93.0,4.166666666666667,0.05773502691887792,4.066666666666666,0.13662601021268542,230783.33333333334,6376.976817791186,226566.66666666666,9894.931362406389,100.07166666666667,0.3221548747649943,100.36923333333334,0.44904897134614,157805.66666666666,92.19725230872344,157708.33333333334,132.2643817235129,4.0,0.0,4.0,0.0,8.333333333333334,1.527525231651908,8.166666666666666,0.9831920802491049,88.0,4.582575694955871,86.33333333333333,5.046450898073469,-0.026452732003469204,-0.00619829156166074,0.000982523754888831,0.0,-0.125,-0.03448275862068961,False,False,False,False,False,False,False,False,True,False,False
2024-11-30,4.2,4.1,4.1,4.2,236250.0,224500.0,230600.0,99.4695,99.8084,100.4309,157945.0,157912.0,157757.0,4.0,4.0,4.0,7.0,7.0,8.0,78.0,84.0,87.0,4.133333333333333,0.05773502691887716,4.1000000000000005,0.10954451150089572,230450.0,5876.435994828248,230900.0,6393.98154517714,99.90293333333334,0.48762168054228494,100.24025,0.5834536374043341,157871.33333333334,100.38094108583707,157777.5,128.820417659875,4.0,0.0,4.0,0.0,7.333333333333333,0.5773502691895157,8.0,1.0954451150093678,83.0,4.582575694955871,86.33333333333333,5.046450898073469,0.0523385300668151,-0.0033955057890919793,0.0002089771518314354,0.0,0.0,-0.0714285714285714,False,False,False,False,False,False,False,False,False,True,False
2024-12-31,4.1,4.2,4.1,4.1,219200.0,236250.0,224500.0,99.2925,99.4695,99.8084,158079.0,157945.0,157912.0,3.0,4.0,4.0,7.0,7.0,7.0,74.0,78.0,84.0,4.133333333333333,0.05773502691887716,4.15,0.054772255750237864,226650.0,8725.966995199718,230433.33333333334,7222.02649307884,99.52346666666666,0.2621497727158204,99.9785,0.6002374296895518,157978.66666666666,88.44395588890283,157856.0,147.08636920563896,3.6666666666666665,0.5773502691901442,3.8333333333333335,0.4082482904630825,7.0,0.0,7.833333333333333,1.1690451944491047,78.66666666666667,5.0332229568471964,84.16666666666667,7.082843120291908,-0.07216931216931222,-0.0017794399288223461,0.0008483965937509108,-0.25,0.0,-0.05128205128205132,False,False,False,False,False,False,False,False,False,False,True
